-- MySQL dump 10.13  Distrib 5.7.9, for osx10.9 (x86_64)
--
-- Host: localhost    Database: p3reise
-- ------------------------------------------------------
-- Server version	5.5.46-0ubuntu0.14.04.2

/*!40101 SET @OLD_CHARACTER_SET_CLIENT=@@CHARACTER_SET_CLIENT */;
/*!40101 SET @OLD_CHARACTER_SET_RESULTS=@@CHARACTER_SET_RESULTS */;
/*!40101 SET @OLD_COLLATION_CONNECTION=@@COLLATION_CONNECTION */;
/*!40101 SET NAMES utf8 */;
/*!40103 SET @OLD_TIME_ZONE=@@TIME_ZONE */;
/*!40103 SET TIME_ZONE='+00:00' */;
/*!40014 SET @OLD_UNIQUE_CHECKS=@@UNIQUE_CHECKS, UNIQUE_CHECKS=0 */;
/*!40014 SET @OLD_FOREIGN_KEY_CHECKS=@@FOREIGN_KEY_CHECKS, FOREIGN_KEY_CHECKS=0 */;
/*!40101 SET @OLD_SQL_MODE=@@SQL_MODE, SQL_MODE='NO_AUTO_VALUE_ON_ZERO' */;
/*!40111 SET @OLD_SQL_NOTES=@@SQL_NOTES, SQL_NOTES=0 */;

--
-- Table structure for table `gemeinden`
--

DROP TABLE IF EXISTS `gemeinden`;
/*!40101 SET @saved_cs_client     = @@character_set_client */;
/*!40101 SET character_set_client = utf8 */;
CREATE TABLE `gemeinden` (
  `id_gemeinden` int(11) NOT NULL AUTO_INCREMENT,
  `name_gemeinden` varchar(45) DEFAULT NULL,
  `provinz_gemeinden` varchar(45) DEFAULT NULL,
  `nummer_gemeinden` varchar(45) DEFAULT NULL,
  PRIMARY KEY (`id_gemeinden`),
  UNIQUE KEY `id_region_UNIQUE` (`id_gemeinden`)
) ENGINE=InnoDB AUTO_INCREMENT=306 DEFAULT CHARSET=latin1;
/*!40101 SET character_set_client = @saved_cs_client */;

--
-- Dumping data for table `gemeinden`
--

LOCK TABLES `gemeinden` WRITE;
/*!40000 ALTER TABLE `gemeinden` DISABLE KEYS */;
INSERT INTO `gemeinden` VALUES (1,'Upplands Väsby','Stockholms län','0114'),(2,'Vallentuna','Stockholms län','0115'),(3,'Österåker','Stockholms län','0117'),(4,'Värmdö','Stockholms län','0120'),(5,'Järfälla','Stockholms län','0123'),(6,'Ekerö','Stockholms län','0125'),(7,'Huddinge','Stockholms län','0126'),(8,'Botkyrka','Stockholms län','0127'),(9,'Salem','Stockholms län','0128'),(25,'Haninge','Stockholms län','0136'),(26,'Tyresö','Stockholms län','0138'),(27,'Upplands-Bro','Stockholms län','0139'),(28,'Nykvarn','Stockholms län','0140'),(29,'Täby','Stockholms län','0160'),(30,'Danderyd','Stockholms län','0162'),(31,'Sollentuna','Stockholms län','0163'),(32,'Stockholm','Stockholms län','0180'),(33,'Södertälje','Stockholms län','0181'),(34,'Nacka','Stockholms län','0182'),(35,'Sundbyberg','Stockholms län','0183'),(36,'Solna','Stockholms län','0184'),(37,'Lidingö','Stockholms län','0186'),(38,'Vaxholm','Stockholms län','0187'),(39,'Norrtälje','Stockholms län','0188'),(40,'Sigtuna','Stockholms län','0191'),(41,'Nynäshamn','Stockholms län','0192'),(42,'Håbo','Uppsala län','0305'),(43,'Älvkarleby','Uppsala län','0319'),(44,'Knivsta','Uppsala län','0330'),(45,'Heby','Uppsala län','0331'),(46,'Tierp','Uppsala län','0360'),(47,'Uppsala','Uppsala län','0380'),(48,'Enköping','Uppsala län','0381'),(49,'Östhammar','Uppsala län','0382'),(50,'Vingåker','Södermanlands län','0428'),(51,'Gnesta','Södermanlands län','0461'),(52,'Nyköping','Södermanlands län','0480'),(53,'Oxelösund','Södermanlands län','0481'),(54,'Flen','Södermanlands län','0482'),(55,'Katrineholm','Södermanlands län','0483'),(56,'Eskilstuna','Södermanlands län','0484'),(57,'Strängnäs','Södermanlands län','0486'),(58,'Trosa','Södermanlands län','0488'),(59,'Ödeshög','Östergötlands län','0509'),(60,'Ydre','Östergötlands län','0512'),(61,'Kinda','Östergötlands län','0513'),(62,'Boxholm','Östergötlands län','0560'),(63,'Åtvidaberg','Östergötlands län','0561'),(64,'Finspång','Östergötlands län','0562'),(65,'Valdemarsvik','Östergötlands län','0563'),(66,'Linköping','Östergötlands län','0580'),(67,'Norrköping','Östergötlands län','0581'),(68,'Söderköping','Östergötlands län','0582'),(69,'Motala','Östergötlands län','0583'),(70,'Vadstena','Östergötlands län','0584'),(71,'Mjölby','Östergötlands län','0586'),(72,'Aneby','Jönköpings län','0604'),(73,'Gnosjö','Jönköpings län','0617'),(74,'Mullsjö','Jönköpings län','0642'),(75,'Habo','Jönköpings län','0643'),(76,'Gislaved','Jönköpings län','0662'),(77,'Vaggeryd','Jönköpings län','0665'),(78,'Jönköping','Jönköpings län','0680'),(79,'Nässjö','Jönköpings län','0682'),(80,'Värnamo','Jönköpings län','0683'),(81,'Sävsjö','Jönköpings län','0684'),(82,'Vetlanda','Jönköpings län','0685'),(83,'Eksjö','Jönköpings län','0686'),(84,'Tranås','Jönköpings län','0687'),(85,'Uppvidinge','Kronobergs län','0760'),(86,'Lessebo','Kronobergs län','0761'),(87,'Tingsryd','Kronobergs län','0763'),(88,'Alvesta','Kronobergs län','0764'),(89,'Älmhult','Kronobergs län','0765'),(90,'Markaryd','Kronobergs län','0767'),(91,'Växjö','Kronobergs län','0780'),(92,'Ljungby','Kronobergs län','0781'),(93,'Högsby','Kalmar län','0821'),(94,'Torsås','Kalmar län','0834'),(95,'Mörbylånga','Kalmar län','0840'),(96,'Hultsfred','Kalmar län','0860'),(97,'Mönsterås','Kalmar län','0861'),(98,'Emmaboda','Kalmar län','0862'),(99,'Kalmar','Kalmar län','0880'),(100,'Nybro','Kalmar län','0881'),(101,'Oskarshamn','Kalmar län','0882'),(102,'Västervik','Kalmar län','0883'),(103,'Vimmerby','Kalmar län','0884'),(104,'Borgholm','Kalmar län','0885'),(105,'Gotland','Gotlands län','0980'),(106,'Olofström','Blekinge län','1060'),(107,'Karlskrona','Blekinge län','1080'),(108,'Ronneby','Blekinge län','1081'),(109,'Karlshamn','Blekinge län','1082'),(110,'Sölvesborg','Blekinge län','1083'),(111,'Svalöv','Skåne län','1214'),(112,'Staffanstorp','Skåne län','1230'),(113,'Burlöv','Skåne län','1231'),(114,'Vellinge','Skåne län','1233'),(115,'Östra Göinge','Skåne län','1256'),(116,'Örkelljunga','Skåne län','1257'),(117,'Bjuv','Skåne län','1260'),(118,'Kävlinge','Skåne län','1261'),(119,'Lomma','Skåne län','1262'),(120,'Svedala','Skåne län','1263'),(121,'Skurup','Skåne län','1264'),(122,'Sjöbo','Skåne län','1265'),(123,'Hörby','Skåne län','1266'),(124,'Höör','Skåne län','1267'),(125,'Tomelilla','Skåne län','1270'),(126,'Bromölla','Skåne län','1272'),(127,'Osby','Skåne län','1273'),(128,'Perstorp','Skåne län','1275'),(129,'Klippan','Skåne län','1276'),(130,'Åstorp','Skåne län','1277'),(131,'Båstad','Skåne län','1278'),(132,'Malmö','Skåne län','1280'),(133,'Lund','Skåne län','1281'),(134,'Landskrona','Skåne län','1282'),(135,'Helsingborg','Skåne län','1283'),(136,'Höganäs','Skåne län','1284'),(137,'Eslöv','Skåne län','1285'),(138,'Ystad','Skåne län','1286'),(139,'Trelleborg','Skåne län','1287'),(140,'Kristianstad','Skåne län','1290'),(141,'Simrishamn','Skåne län','1291'),(142,'Ängelholm','Skåne län','1292'),(143,'Hässleholm','Skåne län','1293'),(144,'Hylte','Hallands län','1315'),(145,'Halmstad','Hallands län','1380'),(146,'Laholm','Hallands län','1381'),(147,'Falkenberg','Hallands län','1382'),(148,'Varberg','Hallands län','1383'),(149,'Kungsbacka','Hallands län','1384'),(150,'Härryda','Västra Götalands län','1401'),(151,'Partille','Västra Götalands län','1402'),(152,'Öckerö','Västra Götalands län','1407'),(153,'Stenungsund','Västra Götalands län','1415'),(154,'Tjörn','Västra Götalands län','1419'),(155,'Orust','Västra Götalands län','1421'),(156,'Sotenäs','Västra Götalands län','1427'),(157,'Munkedal','Västra Götalands län','1430'),(158,'Tanum','Västra Götalands län','1435'),(159,'Dals-Ed','Västra Götalands län','1438'),(160,'Färgelanda','Västra Götalands län','1439'),(161,'Ale','Västra Götalands län','1440'),(162,'Lerum','Västra Götalands län','1441'),(163,'Vårgårda','Västra Götalands län','1442'),(164,'Bollebygd','Västra Götalands län','1443'),(165,'Grästorp','Västra Götalands län','1444'),(166,'Essunga','Västra Götalands län','1445'),(167,'Karlsborg','Västra Götalands län','1446'),(168,'Gullspång','Västra Götalands län','1447'),(169,'Tranemo','Västra Götalands län','1452'),(170,'Bengtsfors','Västra Götalands län','1460'),(171,'Mellerud','Västra Götalands län','1461'),(172,'Lilla Edet','Västra Götalands län','1462'),(173,'Mark','Västra Götalands län','1463'),(174,'Svenljunga','Västra Götalands län','1465'),(175,'Herrljunga','Västra Götalands län','1466'),(176,'Vara','Västra Götalands län','1470'),(177,'Götene','Västra Götalands län','1471'),(178,'Tibro','Västra Götalands län','1472'),(179,'Töreboda','Västra Götalands län','1473'),(180,'Göteborg','Västra Götalands län','1480'),(181,'Mölndal','Västra Götalands län','1481'),(182,'Kungälv','Västra Götalands län','1482'),(183,'Lysekil','Västra Götalands län','1484'),(184,'Uddevalla','Västra Götalands län','1485'),(185,'Strömstad','Västra Götalands län','1486'),(186,'Vänersborg','Västra Götalands län','1487'),(187,'Trollhättan','Västra Götalands län','1488'),(188,'Alingsås','Västra Götalands län','1489'),(189,'Borås','Västra Götalands län','1490'),(190,'Ulricehamn','Västra Götalands län','1491'),(191,'Åmål','Västra Götalands län','1492'),(192,'Mariestad','Västra Götalands län','1493'),(193,'Lidköping','Västra Götalands län','1494'),(194,'Skara','Västra Götalands län','1495'),(195,'Skövde','Västra Götalands län','1496'),(196,'Hjo','Västra Götalands län','1497'),(197,'Tidaholm','Västra Götalands län','1498'),(198,'Falköping','Västra Götalands län','1499'),(199,'Kil','Värmlands län','1715'),(200,'Eda','Värmlands län','1730'),(201,'Torsby','Värmlands län','1737'),(202,'Storfors','Värmlands län','1760'),(203,'Hammarö','Värmlands län','1761'),(204,'Munkfors','Värmlands län','1762'),(205,'Forshaga','Värmlands län','1763'),(206,'Grums','Värmlands län','1764'),(207,'Årjäng','Värmlands län','1765'),(208,'Sunne','Värmlands län','1766'),(209,'Karlstad','Värmlands län','1780'),(210,'Kristinehamn','Värmlands län','1781'),(211,'Filipstad','Värmlands län','1782'),(212,'Hagfors','Värmlands län','1783'),(213,'Arvika','Värmlands län','1784'),(214,'Säffle','Värmlands län','1785'),(215,'Lekeberg','Örebro län','1814'),(216,'Laxå','Örebro län','1860'),(217,'Hallsberg','Örebro län','1861'),(218,'Degerfors','Örebro län','1862'),(219,'Hällefors','Örebro län','1863'),(220,'Ljusnarsberg','Örebro län','1864'),(221,'Örebro','Örebro län','1880'),(222,'Kumla','Örebro län','1881'),(223,'Askersund','Örebro län','1882'),(224,'Karlskoga','Örebro län','1883'),(225,'Nora','Örebro län','1884'),(226,'Lindesberg','Örebro län','1885'),(227,'Skinnskatteberg','Västmanlands län','1904'),(228,'Surahammar','Västmanlands län','1907'),(229,'Kungsör','Västmanlands län','1960'),(230,'Hallstahammar','Västmanlands län','1961'),(231,'Norberg','Västmanlands län','1962'),(232,'Västerås','Västmanlands län','1980'),(233,'Sala','Västmanlands län','1981'),(234,'Fagersta','Västmanlands län','1982'),(235,'Köping','Västmanlands län','1983'),(236,'Arboga','Västmanlands län','1984'),(237,'Vansbro','Dalarnas län','2021'),(238,'Malung-Sälen','Dalarnas län','2023'),(239,'Gagnef','Dalarnas län','2026'),(240,'Leksand','Dalarnas län','2029'),(241,'Rättvik','Dalarnas län','2031'),(242,'Orsa','Dalarnas län','2034'),(243,'Älvdalen','Dalarnas län','2039'),(244,'Smedjebacken','Dalarnas län','2061'),(245,'Mora','Dalarnas län','2062'),(246,'Falun','Dalarnas län','2080'),(247,'Borlänge','Dalarnas län','2081'),(248,'Säter','Dalarnas län','2082'),(249,'Hedemora','Dalarnas län','2083'),(250,'Avesta','Dalarnas län','2084'),(251,'Ludvika','Dalarnas län','2085'),(252,'Ockelbo','Gävleborgs län','2101'),(253,'Hofors','Gävleborgs län','2104'),(254,'Ovanåker','Gävleborgs län','2121'),(255,'Nordanstig','Gävleborgs län','2132'),(256,'Ljusdal','Gävleborgs län','2161'),(257,'Gävle','Gävleborgs län','2180'),(258,'Sandviken','Gävleborgs län','2181'),(259,'Söderhamn','Gävleborgs län','2182'),(260,'Bollnäs','Gävleborgs län','2183'),(261,'Hudiksvall','Gävleborgs län','2184'),(262,'Ånge','Västernorrlands län','2260'),(263,'Timrå','Västernorrlands län','2262'),(264,'Härnösand','Västernorrlands län','2280'),(265,'Sundsvall','Västernorrlands län','2281'),(266,'Kramfors','Västernorrlands län','2282'),(267,'Sollefteå','Västernorrlands län','2283'),(268,'Örnsköldsvik','Västernorrlands län','2284'),(269,'Ragunda','Jämtlands län','2303'),(270,'Bräcke','Jämtlands län','2305'),(271,'Krokom','Jämtlands län','2309'),(272,'Strömsund','Jämtlands län','2313'),(273,'Åre','Jämtlands län','2321'),(274,'Berg','Jämtlands län','2326'),(275,'Härjedalen','Jämtlands län','2361'),(276,'Östersund','Jämtlands län','2380'),(277,'Nordmaling','Västerbottens län','2401'),(278,'Bjurholm','Västerbottens län','2403'),(279,'Vindeln','Västerbottens län','2404'),(280,'Robertsfors','Västerbottens län','2409'),(281,'Norsjö','Västerbottens län','2417'),(282,'Malå','Västerbottens län','2418'),(283,'Storuman','Västerbottens län','2421'),(284,'Sorsele','Västerbottens län','2422'),(285,'Dorotea','Västerbottens län','2425'),(286,'Vännäs','Västerbottens län','2460'),(287,'Vilhelmina','Västerbottens län','2462'),(288,'Åsele','Västerbottens län','2463'),(289,'Umeå','Västerbottens län','2480'),(290,'Lycksele','Västerbottens län','2481'),(291,'Skellefteå','Västerbottens län','2482'),(292,'Arvidsjaur','Norrbottens län','2505'),(293,'Arjeplog','Norrbottens län','2506'),(294,'Jokkmokk','Norrbottens län','2510'),(295,'Överkalix','Norrbottens län','2513'),(296,'Kalix','Norrbottens län','2514'),(297,'Övertorneå','Norrbottens län','2518'),(298,'Pajala','Norrbottens län','2521'),(299,'Gällivare','Norrbottens län','2523'),(300,'Älvsbyn','Norrbottens län','2560'),(301,'Luleå','Norrbottens län','2580'),(302,'Piteå','Norrbottens län','2581'),(303,'Boden','Norrbottens län','2582'),(304,'Haparanda','Norrbottens län','2583'),(305,'Kiruna','Norrbottens län','2584');
/*!40000 ALTER TABLE `gemeinden` ENABLE KEYS */;
UNLOCK TABLES;

--
-- Table structure for table `orte`
--

DROP TABLE IF EXISTS `orte`;
/*!40101 SET @saved_cs_client     = @@character_set_client */;
/*!40101 SET character_set_client = utf8 */;
CREATE TABLE `orte` (
  `id_orte` int(11) NOT NULL AUTO_INCREMENT,
  `name_orte` varchar(45) DEFAULT NULL,
  `adresse_orte` varchar(45) DEFAULT NULL,
  `gemeinde_orte` varchar(45) DEFAULT NULL,
  `provinz_orte` varchar(45) DEFAULT NULL,
  `vorliebe_orte` varchar(45) DEFAULT NULL,
  `beschreibung_orte` mediumtext,
  `bild_orte` varchar(400) DEFAULT NULL,
  `koordinaten_orte` varchar(45) DEFAULT NULL,
  PRIMARY KEY (`id_orte`),
  UNIQUE KEY `id_orte_UNIQUE` (`id_orte`)
) ENGINE=InnoDB AUTO_INCREMENT=63 DEFAULT CHARSET=latin1;
/*!40101 SET character_set_client = @saved_cs_client */;

--
-- Dumping data for table `orte`
--

LOCK TABLES `orte` WRITE;
/*!40000 ALTER TABLE `orte` DISABLE KEYS */;
INSERT INTO `orte` VALUES (1,'Freiluftmuseum Gamla Linköping','Tunnbindaregatan 8, 582 46 Linköping','Linköping','Östergötlands län','Kultur','Im Freiluftmuseum Gamla Linköping, welches aus 90 Gebäuden besteht, können Sie die Atmosphäre aus früheren Zeiten regelrecht spüren. ','http://p3reise.schwarzes-seelenreich.de:8080/assets/img/Friluftsmuseet_Gamla_Linkoping.png','58.405413, 15.588724'),(2,'Vrinnevi Mini Golf','Sprängstensgatan, 603 79 Norrköping  ','Norrköping','Östergötlands län','Aktivitäten','Der Minigolfplatz bietet Ihnen 18 verschiedene Einlochmöglichkeiten. ','http://p3reise.schwarzes-seelenreich.de:8080/assets/img/Vrinnevi_Mini_Golf.png','58.571035, 16.183101'),(3,'Freddys Bar & Restaurant','Morabergsvägen 2, 152 42 Södertälje ','Södertälje','Stockholms län','Essen','In Freddys Bar und Restaurant werden leckere Hamburger, aber auch Gegrilltes angeboten. Das Frühstück ist auch besonders zu empfehlen.','http://p3reise.schwarzes-seelenreich.de:8080/assets/img/FreddysBarRestaurang.png','59.206376, 17.647403'),(4,'Södertälje Badeclub','Mälarbadet,151 89 Södertälje ','Södertälje','Stockholms län','Aktivitäten','Hier ist ein großer Schwimmbereich in schönster Natur. Hier kann man Volleyball spielen, oder auch ein leckeres Wassereis in der Sonne genießen. ','http://p3reise.schwarzes-seelenreich.de:8080/assets/img/SodertaljeBatklubb.png','59.191266, 17.625017'),(5,'Tom Tits Experiment','Storgatan 33, 151 36 Södertälje   ','Södertalje','Stockholms län ','Kultur','Tom Tits Experiment ist ein Riesenhaus voller Experimente aus Physik, Natur und Wissenschaft, das Alt und Jung Möglichkeiten bietet neue Dinge zu lernen.','http://p3reise.schwarzes-seelenreich.de:8080/assets/img/TomTitsExperimentABSodertaljeCentrum.png','59.200402, 17.623737'),(6,'Vindeus Hotels','Klockarvägen 112,151 61 Södertälje ','Södertalje','Stockholms län ','Übernachtung','Alle Zimmer im Vindeus verfügen über einen Flachbild-TV, einen Kleiderschrank und Holzböden. Die  meisten bieten zudem ein eigenes Bad mit Dusche. Einige verfügen über eine eigene Küchenzeile. Das Frühstück wird Ihnen jeden Morgen im Speiseraum des Videus serviert.','http://p3reise.schwarzes-seelenreich.de:8080/assets/img/VindeusHotels.png','59.196137, 17.575520'),(7,'Restaurant St. George','Repslagaregatan 5, 602 25 Norrköping ','Norrköping ','Östergötlands län','Essen','St. George ist das einzige Restaurant in Norrköping, welches Spezialitäten auf einem syrischen Steinofen zubereitet.','http://p3reise.schwarzes-seelenreich.de:8080/assets/img/RestaurangStGeorge.png','58.588898, 16.188594'),(8,'The Lamp Hotel','Hospitalsgatan 5, 602 27 Norrköping','Norrköping','Östergötlands län','Übernachtung','Dieses Boutique-Hotel begrüßt Sie in einem renovierten Gebäude aus dem 18. Jahrhundert. Zudem hat es einen Feng-Shui-Garten und besitzt Schwedens größte Standleuchte. Hier genießen Sie schwedische Gerichte, die mit frischen Zutaten aus der Region zubereitet werden. Im Sommer können Sie auch auf der Terrasse im Freien speisen.','http://p3reise.schwarzes-seelenreich.de:8080/assets/img/TheLampHotel.png','58.591058, 16.187516'),(9,'Norrköpings Segelflugzeugclub','Slakthusvägen 8, 605 92 Norrköping ','Norrköping','Östergötlands län','Aktivitäten','Bei Nörrköpings Segelflugclub können sie mit routinierten Fliegern einen Segelflug erleben und die schöne Landschaft Schwedens von oben betrachten.','http://p3reise.schwarzes-seelenreich.de:8080/assets/img/NorrkopingsSegelflygklubb.png','58.592241, 16.239567'),(10,'Holmens Museum','Laxholmen, 602 21 Norrköping ','Norrköping ','Östergötlands län','Kultur','Hier sind die historischen Stadien der Papierherstellung von Handarbeit bis hin zu den Maschinen zu erkunden.','http://p3reise.schwarzes-seelenreich.de:8080/assets/img/HolmensMuseum.png','58.590845, 16.180825'),(11,'Tropicarium AB','Kopparbovägen 1, 618 93 Kolmården','Norrköping','Östergötlands län ','Aktivitäten','Hier lassen sich Tiere aus dem Wasser, dem Jungle und der Savanne beobachten. ','http://p3reise.schwarzes-seelenreich.de:8080/assets/img/TropicariumAB.png','58.665768, 16.466956'),(12,'Sigtuna Museum','Södergatan 20, 195 47 Märsta','Sigtuna','Stockholms län','Kultur','In diesem Museum lässt sich Kunst auf kleinster Ausstellungsfläche besichtigen und bewundern.','http://p3reise.schwarzes-seelenreich.de:8080/assets/img/SigtunaMuseum.png','59.626092, 17.859772'),(13,'Freikirche der Zeugen Jehovas','Östra Galaxvägen 3,195 56 Märsta','Sigtuna','Stockholms län','Kultur','Einer der wenigen Zusammenkunftsorte der Zeugen Jehovas in Schweden. ','http://p3reise.schwarzes-seelenreich.de:8080/assets/img/FrikyrkaJehovasVittnen.png','59.613715, 17.820875'),(14,'Kirche','Madängsvägen 32, 522 91 Tidaholm ','Tidaholm','Västra Götalands län','Kultur','Diese Kirche ist ein lohnendes Ziel für eine Besichtigung, das jeden Kirchengänger erfreuen wird.','http://p3reise.schwarzes-seelenreich.de:8080/assets/img/Kirche.png','58.135796, 13.928880'),(15,'Stinsen Arena','Rådhusgatan 28, 571 31 Nässjö ','Nässjö','Jönköpings län','Aktivitäten','In dieser Arena können Sie Ihr Können auf dem Eis zur Schau stellen. Sie bietet wunderbare große Eisflächen, die das Schlittschuhfahren zu einem echten Erlebnis machen.','http://p3reise.schwarzes-seelenreich.de:8080/assets/img/StinsenArena.png','57.653583, 14.697247'),(16,'Söderhällgården Kunsthandwerksmuseum','Tomtevägen 1, 814 94 Älvkarleby  ','Älvkarleby  ','Uppsala län ','Kultur','In diesem Volksmuseum mit Traditionen der Handwerkskunst können Sie in das Leben und die Vergangenheit der Einheimischen förmlich abtauchen.','http://p3reise.schwarzes-seelenreich.de:8080/assets/img/SoderhallgardenKonsthantverkMuseum.png','60.535426, 17.405092'),(17,'Landesmuseum Gävleborg','Södra Strandgatan 20, 802 50 Gävle ','Gävle','Gävleborgs län','Kultur','Das Landesmuseum von Gävleborg stellt Aspekte der Kultur- und Baugeschichte, traditionelle Gebäude, Landschaftsschutz und Archäologie dar.','http://p3reise.schwarzes-seelenreich.de:8080/assets/img/LansmuseetGavleborg.png','60.673922, 17.149968'),(18,'Norrsundets Arbeitermuseum','Kvistholmsvägen 5, 817 30 Norrsundet','Gävle','Gävleborgs län','Kultur','Lernen Sie das Leben von schwedischen Holzarbeitern kennen und entdecken sie die gute einheimische Küche von Gävle.','http://p3reise.schwarzes-seelenreich.de:8080/assets/img/NorrsundetsArbetarmuseum.png','60.926866, 17.140447'),(19,'Stockholms Fallschirmclub','Korsbo, 815 91 Tierp','Tierp','Uppsala län ','Aktivitäten','Lust auf etwas was das Blut in Wallung bringt? Dann versuchen Sie es doch mit einem Fallschirmsprung von ganz oben.','http://p3reise.schwarzes-seelenreich.de:8080/assets/img/StockholmsFallskarmsklubb.png','60.307923, 17.361505'),(20,'Bashkir Reitclub','Karlsäter 2, 814 95 Älvkarleby','Älvkarleby','Uppsala län','Aktivitäten','Ob ein spannender nächtlicher Ausritt durch die schwedische Natur, oder einfach nur ein gemütlicher erster Ritt: die Tour durch Wald und Wiesen zu Pferd wird aufregend.','http://p3reise.schwarzes-seelenreich.de:8080/assets/img/BashkirTurridning.png','60.492089, 17.469465'),(21,'Gävle Pistolenclub','Älgsjön, 805 92 Gävle ','Gävle','Gävleborgs län','Aktivitäten','Der Schießclub in Gävle bietet Unerfahrenen die das Schießen kennenlernen möchten die Möglichkeit dieses ungewöhnliche Hobby für sich zu entdecken.','http://p3reise.schwarzes-seelenreich.de:8080/assets/img/GavlePistolskytteklubb.png','60.617256, 17.233419'),(22,'Gefle Segelclub','Huseliiharen, 805 95 Gävle ','Gävle','Gävleborgs län','Aktivitäten','Hier können Sie eine schöne Segeltour machen und die Natur Schwedens genießen. ','http://p3reise.schwarzes-seelenreich.de:8080/assets/img/GefleSegelSallskap.png','60.728748, 17.283937'),(24,'Freiluftmuseum Hägnan','Gamla Hamngatan 21,954 33 Gammelstad','Luleå  ','Norrbottens län','Kultur','Das Museum verfügt über Gebäude aus dem 18. und 19. Jahrhundert, die Besucher in eine andere Zeit von Luleå abtauchen lässt.','http://p3reise.schwarzes-seelenreich.de:8080/assets/img/FriluftsmuseetHagnan.png','65.649205, 22.036004'),(25,'Eishotel','Marknadsvägen 63, 981 91 Jukkasjärvi','Kiruna','Norrbottens län','Übernachtung','Ein Hotel, komplett aus Eis und Schnee erbaut, für die, die auf ein kleines Abenteuer aus sind.','http://p3reise.schwarzes-seelenreich.de:8080/assets/img/Icehotel.png','67.850961, 20.595426'),(26,'Margaretas Wirtshaus','Lulevägen 2, 954 33 Gammelstad','Luleå  ','Norrbottens län','Essen','Hier kann man in entspannter Runde in heimeliger Atmosphäre heißen Kaffee und kleine Spezialitäten genießen.','http://p3reise.schwarzes-seelenreich.de:8080/assets/img/MargaretasVardshus.png','65.644756, 22.029569'),(27,'Restaurant Roma','Östra Järnvägsgatan 8, 911 32 Vännäs ','Vännäs ','Västerbottens län','Essen','Bietet eine angenehme Atmosphäre und italienische Spezialitäten an.','http://p3reise.schwarzes-seelenreich.de:8080/assets/img/RestaurangRoma.png','63.905724, 19.752459'),(28,'Hildes Café ','Köpmangatan 13, 826 30 Söderhamn','Söderhamn','Gävleborgs län','Essen','Bietet eine einheimische Atmosphäre und kleine Spezialitäten an. Gut um in Kontakt mit Einheimischen zu kommen.','http://p3reise.schwarzes-seelenreich.de:8080/assets/img/HildesCafeAB.png','61.302937, 17.056190'),(29,'Petrigården','Församlingsvägen 12,954 33 Gammelstad','Luleå  ','Norrbottens län ','Kultur','Hier findet sich ein Ort der Anbetung in der Natur.','http://p3reise.schwarzes-seelenreich.de:8080/assets/img/Petrigarden.png','65.644508, 22.028802'),(30,'Elite Stadthotel Luleå','Storgatan 15, 97232 Luleå ','Luleå  ','Norrbottens län ','Übernachtung','Alle Zimmer im Elite Stadthotel Luleå sind individuell eingerichtet und umfassen eine Minibar, einen Schreibtisch und einen Flachbild-TV. Die Badezimmer sind mit italienischem Marmor ausgestattet. Neben dem kostenfreien Zugang zum Fitnessraum profitieren Sie während Ihres Aufenthalts auch von Gruppenkursen, an denen Sie zu ermäßigten Preisen teilnehmen können.','http://p3reise.schwarzes-seelenreich.de:8080/assets/img/EliteStadshotelletLulea.png','65.583809, 22.145985'),(31,'Comfort Hotel Jönköping','Klostergatan 28, 553 17 Jönköping','Jönköping','Jönköpings län','Übernachtung','Das hauseigene Restaurant serviert Ihnen schwedische und internationale Gerichte, gerne auch auf der sonnigen Terrasse. Nutzen Sie den Computer mit Internet in der Lobby, verweilen Sie an der Bar oder spielen Sie eine Partie Billard. Darüber hinaus genießen Sie kostenfreien Eintritt in einem nahe gelegenen Fitnessstudio.','http://p3reise.schwarzes-seelenreich.de:8080/assets/img/ComfortHotelJonkoping.png','57.779110, 14.156287'),(32,'BEST WESTERN Hotel Linköping','Hantverkaregatan 1, 582 23 Linköping ','Linköping','Östergötlands län','Übernachtung','Dieses zentral gelegene Hotel befindet sich neben dem mittelalterlichen Hauptplatz von Linköping. Das hauseigene Restaurant und die Bar servieren spanische Küche und Cocktails. Mehrere Restaurants und Pubs von Linköping befinden sich ebenfalls in der Nähe.','http://p3reise.schwarzes-seelenreich.de:8080/assets/img/BESTWESTERNHotelLinkoping.png','58.411468, 15.621940'),(33,'Scandic Hotel Norrköping City','Slottsgatan 99, 602 22 Norrköping   ','Norrköping','Östergötlands län','Übernachtung','Im hauseigenen Restaurant mit Bar genießen Sie schwedische Spezialitäten und internationale Gerichte. Ein Computer mit kostenfreiem Internetzugang sowie ein kleiner Laden, in dem Sie Getränke, Snacks und Pflegeprodukte erwerben können, sorgen in der Lobby für einen angenehmen Aufenthalt. Fahrräder leihen Sie in der Unterkunft kostenfrei aus.','http://p3reise.schwarzes-seelenreich.de:8080/assets/img/ScandicHotelNorrkopingCity.png','58.595129, 16.185986'),(34,'Hotel Paradis Södertälje Centrum ','Paradisgränd 2, 151 36  Södertälje ','Södertalje','Stockholms län','Übernachtung','Hier ist ein Apartment Komplex im Zentrum von Södertalje, der die Möglichkeit bietet verschiedene Apartments für eine bestimmte Zeit zu mieten.','http://p3reise.schwarzes-seelenreich.de:8080/assets/img/HotellParadisSodertaljeCentrum.png','59.200000, 17.626674'),(35,'Elite Eden Park Hotel','Sturegatan 22, 114 36 Stockholm    ','Stockholm','Stockholms län','Übernachtung','Das asiatisch inspirierte Restaurant im Elite Park wird von Melker Andersson geführt, einem der renommiertesten Köche Schwedens. Das Pub \"Bishops Arms\" bietet Ihnen sättigende Kneipengerichte und eine große Auswahl an Bieren und Whiskys.','http://p3reise.schwarzes-seelenreich.de:8080/assets/img/EliteEdenParkHotel.png','59.338678, 18.075029'),(36,'Quality Airport Hotel','Cederströms Slinga 2, 195 95 Arlandastad','Sigtuna','Stockholms län','Übernachtung','Die Quality Airport Hotels begrüßen Sie in Kochi und bietet Ihnen einen Außenpool und ein Fitnesscenter. Die Quality Airport Hotels bietet Ihnen auch eine 24-Stunden-Rezeption und eine Bibliothek.','http://p3reise.schwarzes-seelenreich.de:8080/assets/img/QualityAirportHotel.png','59.607901, 17.898520'),(37,'Hotel Uppsala (Uppsala Centrum) ','Kungsgatan 27, 753 21 Uppsala ','Uppsala','Uppsala län','Übernachtung','Hotel mitten in Zentrum von Uppsala. Bieten einen guten Service der das Hotel besonders heimisch macht, die zentrale Lage ist perfekt um die Stadt zu erkunden.','http://p3reise.schwarzes-seelenreich.de:8080/assets/img/HotelUppsalaUppsalaCentrum.png','59.861811, 17.638008'),(38,'Schwedisches Chinatown in Älvkarleby','Sveavägen 25, 815 40 Tierp','Tierp','Uppsala län ','Übernachtung','Das ist ein Hotel im chinesischen Stil, das Kunstwerke und Skulpturen aus China zum Betrachten ausstellt.','http://p3reise.schwarzes-seelenreich.de:8080/assets/img/SwedishChinatowninAlvkarlebyAB.png','60.347370, 17.512110'),(39,'BEST WESTERN Hotel City Gävle','Nygatan 8, 803 20 Gävle ','Gävle','Gävleborgs län','Übernachtung','Alle Zimmer im Hotel City Gävle verfügen über Parkettböden, einen Schreibtisch und ein eigenes Bad mit Dusche. Im HC Bar & Restaurant genießen Sie Mittag- und Abendessen sowie traditionelle schwedische Gerichte à la carte. Das Frühstücksbuffet mit lokalen Bio-Optionen wird Ihnen ebenfalls in diesem geräumigen Restaurant serviert.','http://p3reise.schwarzes-seelenreich.de:8080/assets/img/BESTWESTERNHotelCityGavle.png','60.673935, 17.137875'),(40,'Hotel Temperance i Hudiksvall','Håstagatan 16, 824 43 Hudiksvall ','Hudiksvall','Gävleborgs län','Übernachtung','Ausgestattet mit kostenlosem WiFi im gesamten Gebäude bietet das Hotel Temperance Unterkunft in Hudiksvall, 300 Meter vom Museum der Hälsingland.','http://p3reise.schwarzes-seelenreich.de:8080/assets/img/HotellTemperanceiHudiksvallAB.png','61.725372, 17.105765'),(41,'Panget Hotel & Restaurant','Sörbyvägen 27, 891 61 Örnsköldsvik  ','Örnsköldsvik','Västernorrlands län','Übernachtung, Essen','Das Pagnet Hotel ist ein schlichtes kleine Unterkunft in der man sich schnell heimisch vorkommt und auch nahe an das Lebensgefühl der Einheimischen heran kommt.','http://p3reise.schwarzes-seelenreich.de:8080/assets/img/PangetHotellRestaurang.png','63.286761, 18.744261'),(42,'BEST WESTERN Hotel Botnia Teg ','Norra Obbolavägen 125, 904 22 Umeå','Umeå','Västernorrlands län','Übernachtung','Mit Blick auf den Fluss Ume empfängt Sie dieses umweltfreundliche Hotel. Im Botnia wird jeden Abend ein Buffet serviert. Auf der Speisekarte finden Sie zudem Rentier, Elch und andere regionale Spezialitäten.','http://p3reise.schwarzes-seelenreich.de:8080/assets/img/BESTWESTERNHotelBotniaTeg.png','63.802540, 20.280128'),(43,'Clarion Hotel Sense','Skeppsbrogatan 34, 972 32 Luleå    ','Luleå ','Norrbottens län','Übernachtung','Jedes Zimmer ist mit einzigartiger Fotokunst und Designermöbeln ausgestattet. Das hoteleigene À-la-carte-Restaurant Kitchen & Table hat von Montag bis Samstag zum Abendessen geöffnet.','http://p3reise.schwarzes-seelenreich.de:8080/assets/img/ClarionHotelSense.png','65.584845, 22.152537'),(44,'Stallmästaregården','113 47 Stockholm ','Stockholm','Stockholms län ','Wandern','Diese Umgebung bietet idyllische Wanderwege in malerischer Natur. ','http://p3reise.schwarzes-seelenreich.de:8080/assets/img/Stallmastaregarden.png','59.374238, 18.062425'),(45,'Södra Törnskogens Naturreservat','Båtsmansvägen, 192 48 Sollentuna ','Sollentuna','Stockholms län ','Wandern','Hier findet man Wanderwege in schönster Natur zum Spazieren und Walken.','http://p3reise.schwarzes-seelenreich.de:8080/assets/img/SodraTornskogensnaturreservat.png','59.458504, 17.949559'),(46,'Hudiksvalls Golfclub','Fäskärsvägen 7, 824 91 Hudiksvall ','Hudiksvall','Gävleborgs län','Aktivitäten','Wer Lust auf eine Runde Golf hat ist hier genau richtig. Wagen Sie hier Ihren ersten Abschlag oder beweisen Sie Ihr Können.','http://p3reise.schwarzes-seelenreich.de:8080/assets/img/HudiksvallsGolfklubb.png','61.705384, 17.129082'),(47,'Skuleskogen National Park','870 33 Docksta','Docksta','Västernorrlands län','Wandern','Bergige, an der Küste entlanglaufende Wanderwege, etwas für erfahrene Wanderer.','http://p3reise.schwarzes-seelenreich.de:8080/assets/img/SkuleskogenNationalPark.png','63.056672, 18.328886'),(48,'Stiftung Olofsfors Eisenmuseum','Olofsfors 18, 914 91 Nordmaling ','Nordmaling','Västerbottens län','Kultur','Hier können sie den Charme alter Gebäude wiederentdecken und sich in eine frühere Zeit versetzten lassen.','http://p3reise.schwarzes-seelenreich.de:8080/assets/img/StiftelsenOlofsforsBruksmuseum.png','63.581685, 19.443300'),(49,'Stiftung Vuollerim','Murjeksvägen 31,960 30 Vuollerim','Voullerim','Norrbottens län','Wandern','Wandern in der Umgebung von Steinen und Bergen. Ein stetiges Auf und Ab in einer atemberaubenden Natur.','http://p3reise.schwarzes-seelenreich.de:8080/assets/img/StiftelsenVuollerim6000Ar.png','66.435939, 20.609063'),(50,'Skabram Tourismus & Gårdsmejeri','Skabram 206,962 99 Jokkmokk','Jokkmokk','Norrbottens län','Wandern','Wandern in der Umgebung von Wiesen und auf flachen Wegen, perfekt zum Spazieren und Walken.','http://p3reise.schwarzes-seelenreich.de:8080/assets/img/SkabramTurismGardsmejeri.png','66.606310, 19.762404'),(51,'Nationalpark Muddus','Stortorget 4 / Box 124, 962 23 Jokkmokk ','Jokkmokk','Norrbottens län','Wandern','Wer das Wandern durch einen Nationalpark mit Bäumen und Bergen, sowie das Spazierengehen neben Waldbächen mag, ist hier richtig.','http://p3reise.schwarzes-seelenreich.de:8080/assets/img/NationalparkMuddus.png','66.604856, 19.834285'),(52,'Neue Kirche Gällivare','Lasarettsgatan 10,982 31 Gällivare ','Gällivare','Norrbottens län','Kultur','Eine Kirche die im 19 Jahrhundert gebaut wurde, hier geht das Herz von Kirchenliebhabern auf.','http://p3reise.schwarzes-seelenreich.de:8080/assets/img/The_new_church_in_Gallivare.png','67.132797, 20.658259'),(53,'Jönköpings Kanuclub','V-Strandpromenaden, Box 101, 551 13 Jönköping','Jönköping','Jönköpings län','Aktivitäten','Wer Kanu fahren schon immer mal ausprobieren wollte kann hier eine Fahrt wagen und die wunderschöne Natur Schwedens vom Wasser aus betrachten.','http://p3reise.schwarzes-seelenreich.de:8080/assets/img/Jonkopings_Kanotklubb.png','57.788971, 14.150323'),(54,'Jönköpings Stadtpark','551 89 Jönköping  ','Jönköping','Jönköpings län','Wandern','Wer Lust auf einen Spaziergang mit Lerneffekt hat, ist hier im Park richtig. Hier kann man sich in das Leben der Einheimischen mischen und ist direkt im Mittelpunkt der Gesellschaft mit dabei.','http://p3reise.schwarzes-seelenreich.de:8080/assets/img/Jonkopings_Stadspark.png','57.783932, 14.161650'),(55,'Liljeholmspark','554 53 Jönköping ','Jönköping','Jönköpings län','Wandern','Bietet eine schöne Umgebung für Spaziergänge und Walken. ','http://p3reise.schwarzes-seelenreich.de:8080/assets/img/Liljeholmsparken.png','57.783365, 14.214060'),(56,'Burg Brahehus','563 91 Gränna','Gränna','Jönköpings län','Wandern','Wandern mit einer Kultureinlage wird hier geboten. Das Highlight ist die Burgruine die auf dem Wanderweg liegt und ein wundervolles Motiv für Fotos bildet.','http://p3reise.schwarzes-seelenreich.de:8080/assets/img/Burg_Brahehus.png','58.050906, 14.536774'),(57,'Vättern Kajak','Lievägen 3, 599 31 Ödeshög ','Ödeshög','Östergötlands län','Kanu fahren','Hier kann man mit einem Kajak durch die schöne Natur fahren. Vom Wasser aus erscheint die Natur in einem ganz besonderen Licht.','http://p3reise.schwarzes-seelenreich.de:8080/assets/img/Vatternkajak.png','58.233100, 14.673128'),(58,'Linköpings Golfclub','Universitetsvägen, 583 30 Linköping','Linköping','Östergötlands län','Aktivitäten','Eine Runde Golf spielen und sich unter ein Paar Geschäftsleute Schwedens mischen. Komm und wage einen Abschlag.','http://p3reise.schwarzes-seelenreich.de:8080/assets/img/Linkopings_Golfklubb.png','58.397186, 15.570677'),(59,'Schloss Löfstad','Lövstad Slott, 605 97 Norrköping','Norrköping','Östergötlands län','Wandern','Eine Wandertour mit dem Highlight ein richtiges Schloss zu besichtigen.','http://p3reise.schwarzes-seelenreich.de:8080/assets/img/Schloss_Lofstad.png','58.550537, 16.040007'),(60,'Torekällbergets Museum','Torekällberget, 151 89 Södertälje','Södertalje','Stockholms län','Kultur','Ein Besuch hier ist eine Zeit in die Geschichte Sörmlänskas. Hier gibt es alte Häuser und Höfe, die erzählen wie das Leben im 19. Jahrhundert war. In Stadtvierteln gibt Cafés, eine Bäckerei, die authentische Södertälje Brezeln backt, und Läden die traditionelle Keramik und Kleidung verkaufen.','http://p3reise.schwarzes-seelenreich.de:8080/assets/img/Torekallbergets_museum.png','59.192025, 17.614968'),(61,'Vintervikens Garten','Vinterviksvägen 30, 117 65 Stockholm','Stockholm','Stockholms län','Wandern','Aufgebaut wie ein wunderschöner Garten und mit viel Liebe wird sich um diesen Park gekümmert. Perfekt für einen schönen Spaziergang mit einem Plausch.','http://p3reise.schwarzes-seelenreich.de:8080/assets/img/Vintervikens_Tradgard.png','59.311251, 17.998863');
/*!40000 ALTER TABLE `orte` ENABLE KEYS */;
UNLOCK TABLES;

--
-- Table structure for table `orte_vorlieben`
--

DROP TABLE IF EXISTS `orte_vorlieben`;
/*!40101 SET @saved_cs_client     = @@character_set_client */;
/*!40101 SET character_set_client = utf8 */;
CREATE TABLE `orte_vorlieben` (
  `id_orte_vorlieben` int(11) NOT NULL AUTO_INCREMENT,
  `id_orte` int(11) DEFAULT NULL,
  `id_vorlieben` int(11) DEFAULT NULL,
  `name_orte` varchar(45) DEFAULT NULL,
  `adresse_orte` varchar(45) DEFAULT NULL,
  `gemeinde_orte` varchar(45) DEFAULT NULL,
  `provinz_orte` varchar(45) DEFAULT NULL,
  `vorliebe_orte` varchar(45) DEFAULT NULL,
  `beschreibung_orte` mediumtext,
  `bild_orte` varchar(400) DEFAULT NULL,
  `name_vorlieben` varchar(45) DEFAULT NULL,
  `kategorie_vorlieben` varchar(45) DEFAULT NULL,
  `typ_vorlieben` varchar(45) DEFAULT NULL,
  `koordinaten_orte` varchar(45) DEFAULT NULL,
  PRIMARY KEY (`id_orte_vorlieben`),
  UNIQUE KEY `id_orte_vorlieben_UNIQUE` (`id_orte_vorlieben`)
) ENGINE=InnoDB AUTO_INCREMENT=791 DEFAULT CHARSET=latin1;
/*!40101 SET character_set_client = @saved_cs_client */;

--
-- Dumping data for table `orte_vorlieben`
--

LOCK TABLES `orte_vorlieben` WRITE;
/*!40000 ALTER TABLE `orte_vorlieben` DISABLE KEYS */;
INSERT INTO `orte_vorlieben` VALUES (1,1,2,'Freiluftmuseum Gamla Linköping','Tunnbindaregatan 8, 582 46 Linköping','Linköping','Östergötlands län','Kultur','Im Freiluftmuseum Gamla Linköping, welches aus 90 Gebäuden besteht, können Sie die Atmosphäre aus früheren Zeiten regelrecht spüren. ','http://p3reise.schwarzes-seelenreich.de:8080/assets/img/Friluftsmuseet_Gamla_Linkoping.png','Spazierengehen','Sport','Neutral','58.405413, 15.588724'),(4,1,21,'Freiluftmuseum Gamla Linköping','Tunnbindaregatan 8, 582 46 Linköping','Linköping','Östergötlands län','Kultur','Im Freiluftmuseum Gamla Linköping, welches aus 90 Gebäuden besteht, können Sie die Atmosphäre aus früheren Zeiten regelrecht spüren. ','http://p3reise.schwarzes-seelenreich.de:8080/assets/img/Friluftsmuseet_Gamla_Linkoping.png','Traditionell','Vibe','Neutral','58.405413, 15.588724'),(5,1,27,'Freiluftmuseum Gamla Linköping','Tunnbindaregatan 8, 582 46 Linköping','Linköping','Östergötlands län','Kultur','Im Freiluftmuseum Gamla Linköping, welches aus 90 Gebäuden besteht, können Sie die Atmosphäre aus früheren Zeiten regelrecht spüren. ','http://p3reise.schwarzes-seelenreich.de:8080/assets/img/Friluftsmuseet_Gamla_Linkoping.png','Pflanzen','Natur','Neutral','58.405413, 15.588724'),(6,61,2,'Vintervikens Garten','Vinterviksvägen 30, 117 65 Stockholm','Stockholm','Stockholms län','Wandern','Aufgebaut wie ein wunderschöner Garten und mit viel Liebe wird sich um diesen Park gekümmert. Perfekt für einen schönen Spaziergang mit einem Plausch.','http://p3reise.schwarzes-seelenreich.de:8080/assets/img/Vintervikens_Tradgard.png','Spazierengehen','Sport','Neutral','59.311251, 17.998863'),(7,1,33,'Freiluftmuseum Gamla Linköping','Tunnbindaregatan 8, 582 46 Linköping','Linköping','Östergötlands län','Kultur','Im Freiluftmuseum Gamla Linköping, welches aus 90 Gebäuden besteht, können Sie die Atmosphäre aus früheren Zeiten regelrecht spüren. ','http://p3reise.schwarzes-seelenreich.de:8080/assets/img/Friluftsmuseet_Gamla_Linkoping.png','Sitten','Kultur','Ruhig','58.405413, 15.588724'),(8,1,9,'Freiluftmuseum Gamla Linköping','Tunnbindaregatan 8, 582 46 Linköping','Linköping','Östergötlands län','Kultur','Im Freiluftmuseum Gamla Linköping, welches aus 90 Gebäuden besteht, können Sie die Atmosphäre aus früheren Zeiten regelrecht spüren. ','http://p3reise.schwarzes-seelenreich.de:8080/assets/img/Friluftsmuseet_Gamla_Linkoping.png','Geschichte','Kultur','Ruhig','58.405413, 15.588724'),(9,1,36,'Freiluftmuseum Gamla Linköping','Tunnbindaregatan 8, 582 46 Linköping','Linköping','Östergötlands län','Kultur','Im Freiluftmuseum Gamla Linköping, welches aus 90 Gebäuden besteht, können Sie die Atmosphäre aus früheren Zeiten regelrecht spüren. ','http://p3reise.schwarzes-seelenreich.de:8080/assets/img/Friluftsmuseet_Gamla_Linkoping.png','Museum','Kultur','Ruhig','58.405413, 15.588724'),(10,2,11,'Vrinnevi Mini Golf','Sprängstensgatan, 603 79 Norrköping  ','Norrköping','Östergötlands län','Aktivitäten','Der Minigolfplatz bietet Ihnen 18 verschiedene Einlochmöglichkeiten. ','http://p3reise.schwarzes-seelenreich.de:8080/assets/img/Vrinnevi_Mini_Golf.png','Golf','Sport','Aktiv','58.571035, 16.183101'),(11,61,18,'Vintervikens Garten','Vinterviksvägen 30, 117 65 Stockholm','Stockholm','Stockholms län','Wandern','Aufgebaut wie ein wunderschöner Garten und mit viel Liebe wird sich um diesen Park gekümmert. Perfekt für einen schönen Spaziergang mit einem Plausch.','http://p3reise.schwarzes-seelenreich.de:8080/assets/img/Vintervikens_Tradgard.png','Einheimisch','Kulinarisch','Ruhig','59.311251, 17.998863'),(14,61,19,'Vintervikens Garten','Vinterviksvägen 30, 117 65 Stockholm','Stockholm','Stockholms län','Wandern','Aufgebaut wie ein wunderschöner Garten und mit viel Liebe wird sich um diesen Park gekümmert. Perfekt für einen schönen Spaziergang mit einem Plausch.','http://p3reise.schwarzes-seelenreich.de:8080/assets/img/Vintervikens_Tradgard.png','International','Kulinarisch','Ruhig','59.311251, 17.998863'),(15,61,27,'Vintervikens Garten','Vinterviksvägen 30, 117 65 Stockholm','Stockholm','Stockholms län','Wandern','Aufgebaut wie ein wunderschöner Garten und mit viel Liebe wird sich um diesen Park gekümmert. Perfekt für einen schönen Spaziergang mit einem Plausch.','http://p3reise.schwarzes-seelenreich.de:8080/assets/img/Vintervikens_Tradgard.png','Pflanzen','Natur','Neutral','59.311251, 17.998863'),(16,3,19,'Freddys Bar & Restaurant','Morabergsvägen 2, 152 42 Södertälje','Södertalje','Stockholms län','Essen','In Freddys Bar und Restaurant werden leckere Hamburger, aber auch Gegrilltes angeboten. Das Frühstück ist auch besonders zu empfehlen.','http://p3reise.schwarzes-seelenreich.de:8080/assets/img/FreddysBarRestaurang.png','International','Kulinarisch','Ruhig','59.206376, 17.647403'),(17,3,18,'Freddys Bar & Restaurant','Morabergsvägen 2, 152 42 Södertälje','Södertalje','Stockholms län','Essen','In Freddys Bar und Restaurant werden leckere Hamburger, aber auch Gegrilltes angeboten. Das Frühstück ist auch besonders zu empfehlen.','http://p3reise.schwarzes-seelenreich.de:8080/assets/img/FreddysBarRestaurang.png','Einheimisch','Kulinarisch','Ruhig','59.206376, 17.647403'),(18,61,37,'Vintervikens Garten','Vinterviksvägen 30, 117 65 Stockholm','Stockholm','Stockholms län','Wandern','Aufgebaut wie ein wunderschöner Garten und mit viel Liebe wird sich um diesen Park gekümmert. Perfekt für einen schönen Spaziergang mit einem Plausch.','http://p3reise.schwarzes-seelenreich.de:8080/assets/img/Vintervikens_Tradgard.png','Entspannend','Vibe','Ruhig','59.311251, 17.998863'),(19,60,2,'Torekällbergets Museum','Torekällberget, 151 89 Södertälje','Södertalje','Stockholms län','Kultur','Ein Besuch hier ist eine Zeit in die Geschichte Sörmlänskas. Hier gibt es alte Häuser und Höfe, die erzählen wie das Leben im 19. Jahrhundert war. In Stadtvierteln gibt Cafés, eine Bäckerei, die authentische Södertälje Brezeln backt, und Läden die traditionelle Keramik und Kleidung verkaufen.','http://p3reise.schwarzes-seelenreich.de:8080/assets/img/Torekallbergets_museum.png','Spazierengehen','Sport','Neutral','59.192025, 17.614968'),(20,4,4,'Södertälje Badeclub','Mälarbadet,151 89 Södertälje','Södertalje','Stockholms län','Aktivitäten','Hier ist ein großer Schwimmbereich in schönster Natur. Hier kann man Volleyball spielen, oder auch ein leckeres Wassereis in der Sonne genießen. ','http://p3reise.schwarzes-seelenreich.de:8080/assets/img/SodertaljeBatklubb.png','Schwimmen','Sport','Aktiv','59.191266, 17.625017'),(21,60,9,'Torekällbergets Museum','Torekällberget, 151 89 Södertälje','Södertalje','Stockholms län','Kultur','Ein Besuch hier ist eine Zeit in die Geschichte Sörmlänskas. Hier gibt es alte Häuser und Höfe, die erzählen wie das Leben im 19. Jahrhundert war. In Stadtvierteln gibt Cafés, eine Bäckerei, die authentische Södertälje Brezeln backt, und Läden die traditionelle Keramik und Kleidung verkaufen.','http://p3reise.schwarzes-seelenreich.de:8080/assets/img/Torekallbergets_museum.png','Geschichte','Kultur','Ruhig','59.192025, 17.614968'),(22,4,25,'Södertälje Badeclub','Mälarbadet,151 89 Södertälje','Södertalje','Stockholms län','Aktivitäten','Hier ist ein großer Schwimmbereich in schönster Natur. Hier kann man Volleyball spielen, oder auch ein leckeres Wassereis in der Sonne genießen. ','http://p3reise.schwarzes-seelenreich.de:8080/assets/img/SodertaljeBatklubb.png','Meer','Natur','Neutral','59.191266, 17.625017'),(23,60,21,'Torekällbergets Museum','Torekällberget, 151 89 Södertälje','Södertalje','Stockholms län','Kultur','Ein Besuch hier ist eine Zeit in die Geschichte Sörmlänskas. Hier gibt es alte Häuser und Höfe, die erzählen wie das Leben im 19. Jahrhundert war. In Stadtvierteln gibt Cafés, eine Bäckerei, die authentische Södertälje Brezeln backt, und Läden die traditionelle Keramik und Kleidung verkaufen.','http://p3reise.schwarzes-seelenreich.de:8080/assets/img/Torekallbergets_museum.png','Traditionell','Vibe','Neutral','59.192025, 17.614968'),(24,4,27,'Södertälje Badeclub','Mälarbadet,151 89 Södertälje','Södertalje','Stockholms län','Aktivitäten','Hier ist ein großer Schwimmbereich in schönster Natur. Hier kann man Volleyball spielen, oder auch ein leckeres Wassereis in der Sonne genießen. ','http://p3reise.schwarzes-seelenreich.de:8080/assets/img/SodertaljeBatklubb.png','Pflanzen','Natur','Neutral','59.191266, 17.625017'),(25,60,23,'Torekällbergets Museum','Torekällberget, 151 89 Södertälje','Södertalje','Stockholms län','Kultur','Ein Besuch hier ist eine Zeit in die Geschichte Sörmlänskas. Hier gibt es alte Häuser und Höfe, die erzählen wie das Leben im 19. Jahrhundert war. In Stadtvierteln gibt Cafés, eine Bäckerei, die authentische Södertälje Brezeln backt, und Läden die traditionelle Keramik und Kleidung verkaufen.','http://p3reise.schwarzes-seelenreich.de:8080/assets/img/Torekallbergets_museum.png','Show','Kultur','Ruhig','59.192025, 17.614968'),(26,5,22,'Tom Tits Experiment','Storgatan 33, 151 36 Södertälje','Södertalje','Stockholms län','Kultur','Tom Tits Experiment ist ein Riesenhaus voller Experimente aus Physik, Natur und Wissenschaft, das Alt und Jung Möglichkeiten bietet neue Dinge zu lernen.','http://p3reise.schwarzes-seelenreich.de:8080/assets/img/TomTitsExperimentABSodertaljeCentrum.png','Modern','Vibe','Neutral','59.200402, 17.623737'),(27,60,32,'Torekällbergets Museum','Torekällberget, 151 89 Södertälje','Södertalje','Stockholms län','Kultur','Ein Besuch hier ist eine Zeit in die Geschichte Sörmlänskas. Hier gibt es alte Häuser und Höfe, die erzählen wie das Leben im 19. Jahrhundert war. In Stadtvierteln gibt Cafés, eine Bäckerei, die authentische Södertälje Brezeln backt, und Läden die traditionelle Keramik und Kleidung verkaufen.','http://p3reise.schwarzes-seelenreich.de:8080/assets/img/Torekallbergets_museum.png','Sehenswürdigkeit','Kultur','Ruhig','59.192025, 17.614968'),(28,60,33,'Torekällbergets Museum','Torekällberget, 151 89 Södertälje','Södertalje','Stockholms län','Kultur','Ein Besuch hier ist eine Zeit in die Geschichte Sörmlänskas. Hier gibt es alte Häuser und Höfe, die erzählen wie das Leben im 19. Jahrhundert war. In Stadtvierteln gibt Cafés, eine Bäckerei, die authentische Södertälje Brezeln backt, und Läden die traditionelle Keramik und Kleidung verkaufen.','http://p3reise.schwarzes-seelenreich.de:8080/assets/img/Torekallbergets_museum.png','Sitten','Kultur','Ruhig','59.192025, 17.614968'),(29,5,36,'Tom Tits Experiment','Storgatan 33, 151 36 Södertälje','Södertalje','Stockholms län','Kultur','Tom Tits Experiment ist ein Riesenhaus voller Experimente aus Physik, Natur und Wissenschaft, das Alt und Jung Möglichkeiten bietet neue Dinge zu lernen.','http://p3reise.schwarzes-seelenreich.de:8080/assets/img/TomTitsExperimentABSodertaljeCentrum.png','Museum','Kultur','Ruhig','59.200402, 17.623737'),(30,60,36,'Torekällbergets Museum','Torekällberget, 151 89 Södertälje','Södertalje','Stockholms län','Kultur','Ein Besuch hier ist eine Zeit in die Geschichte Sörmlänskas. Hier gibt es alte Häuser und Höfe, die erzählen wie das Leben im 19. Jahrhundert war. In Stadtvierteln gibt Cafés, eine Bäckerei, die authentische Södertälje Brezeln backt, und Läden die traditionelle Keramik und Kleidung verkaufen.','http://p3reise.schwarzes-seelenreich.de:8080/assets/img/Torekallbergets_museum.png','Museum','Kultur','Ruhig','59.192025, 17.614968'),(31,6,22,'Vindeus Hotels','Klockarvägen 112,151 61 Södertälje ','Södertalje','Stockholms län','Übernachtung','Alle Zimmer im Vindeus verfügen über einen Flachbild-TV, einen Kleiderschrank und Holzböden. Die  meisten bieten zudem ein eigenes Bad mit Dusche. Einige verfügen über eine eigene Küchenzeile. Das Frühstück wird Ihnen jeden Morgen im Speiseraum des Videus serviert.','http://p3reise.schwarzes-seelenreich.de:8080/assets/img/VindeusHotels.png','Modern','Vibe','Neutral','59.196137, 17.575520'),(32,6,38,'Vindeus Hotels','Klockarvägen 112,151 61 Södertälje ','Södertalje','Stockholms län','Übernachtung','Alle Zimmer im Vindeus verfügen über einen Flachbild-TV, einen Kleiderschrank und Holzböden. Die  meisten bieten zudem ein eigenes Bad mit Dusche. Einige verfügen über eine eigene Küchenzeile. Das Frühstück wird Ihnen jeden Morgen im Speiseraum des Videus serviert.','http://p3reise.schwarzes-seelenreich.de:8080/assets/img/VindeusHotels.png','Übernachtung','Basics','Neutral','59.196137, 17.575520'),(33,7,19,'Restaurant St. George','Repslagaregatan 5, 602 25 Norrköping','Norrköping','Östergötlands län','Essen','St. George ist das einzige Restaurant in Norrköping, welches Spezialitäten auf einem syrischen Steinofen zubereitet.','http://p3reise.schwarzes-seelenreich.de:8080/assets/img/RestaurangStGeorge.png','International','Kulinarisch','Ruhig','58.588898, 16.188594'),(34,59,2,'Schloss Löfstad','Lövstad Slott, 605 97 Norrköping','Norrköping','Östergötlands län','Wandern','Eine Wandertour mit dem Highlight ein richtiges Schloss zu besichtigen.','http://p3reise.schwarzes-seelenreich.de:8080/assets/img/Schloss_Lofstad.png','Spazierengehen','Sport','Neutral','58.550537, 16.040007'),(35,7,22,'Restaurant St. George','Repslagaregatan 5, 602 25 Norrköping','Norrköping','Östergötlands län','Essen','St. George ist das einzige Restaurant in Norrköping, welches Spezialitäten auf einem syrischen Steinofen zubereitet.','http://p3reise.schwarzes-seelenreich.de:8080/assets/img/RestaurangStGeorge.png','Modern','Vibe','Neutral','58.588898, 16.188594'),(38,59,9,'Schloss Löfstad','Lövstad Slott, 605 97 Norrköping','Norrköping','Östergötlands län','Wandern','Eine Wandertour mit dem Highlight ein richtiges Schloss zu besichtigen.','http://p3reise.schwarzes-seelenreich.de:8080/assets/img/Schloss_Lofstad.png','Geschichte','Kultur','Ruhig','58.550537, 16.040007'),(39,8,38,'The Lamp Hotel','Hospitalsgatan 5, 602 27 Norrköping','Norrköping','Östergötlands län','Übernachtung','Dieses Boutique-Hotel begrüßt Sie in einem renovierten Gebäude aus dem 18. Jahrhundert. Zudem hat es einen Feng-Shui-Garten und besitzt Schwedens größte Standleuchte. Hier genießen Sie schwedische Gerichte, die mit frischen Zutaten aus der Region zubereitet werden. Im Sommer können Sie auch auf der Terrasse im Freien speisen.','http://p3reise.schwarzes-seelenreich.de:8080/assets/img/TheLampHotel.png','Übernachtung','Basics','Neutral','58.591058, 16.187516'),(40,59,24,'Schloss Löfstad','Lövstad Slott, 605 97 Norrköping','Norrköping','Östergötlands län','Wandern','Eine Wandertour mit dem Highlight ein richtiges Schloss zu besichtigen.','http://p3reise.schwarzes-seelenreich.de:8080/assets/img/Schloss_Lofstad.png','Wald','Natur','Neutral','58.550537, 16.040007'),(41,8,18,'The Lamp Hotel','Hospitalsgatan 5, 602 27 Norrköping','Norrköping','Östergötlands län','Übernachtung','Dieses Boutique-Hotel begrüßt Sie in einem renovierten Gebäude aus dem 18. Jahrhundert. Zudem hat es einen Feng-Shui-Garten und besitzt Schwedens größte Standleuchte. Hier genießen Sie schwedische Gerichte, die mit frischen Zutaten aus der Region zubereitet werden. Im Sommer können Sie auch auf der Terrasse im Freien speisen.','http://p3reise.schwarzes-seelenreich.de:8080/assets/img/TheLampHotel.png','Einheimisch','Kulinarisch','Ruhig','58.591058, 16.187516'),(42,59,32,'Schloss Löfstad','Lövstad Slott, 605 97 Norrköping','Norrköping','Östergötlands län','Wandern','Eine Wandertour mit dem Highlight ein richtiges Schloss zu besichtigen.','http://p3reise.schwarzes-seelenreich.de:8080/assets/img/Schloss_Lofstad.png','Sehenswürdigkeit','Kultur','Ruhig','58.550537, 16.040007'),(43,8,21,'The Lamp Hotel','Hospitalsgatan 5, 602 27 Norrköping','Norrköping','Östergötlands län','Übernachtung','Dieses Boutique-Hotel begrüßt Sie in einem renovierten Gebäude aus dem 18. Jahrhundert. Zudem hat es einen Feng-Shui-Garten und besitzt Schwedens größte Standleuchte. Hier genießen Sie schwedische Gerichte, die mit frischen Zutaten aus der Region zubereitet werden. Im Sommer können Sie auch auf der Terrasse im Freien speisen.','http://p3reise.schwarzes-seelenreich.de:8080/assets/img/TheLampHotel.png','Traditionell','Vibe','Neutral','58.591058, 16.187516'),(44,59,33,'Schloss Löfstad','Lövstad Slott, 605 97 Norrköping','Norrköping','Östergötlands län','Wandern','Eine Wandertour mit dem Highlight ein richtiges Schloss zu besichtigen.','http://p3reise.schwarzes-seelenreich.de:8080/assets/img/Schloss_Lofstad.png','Sitten','Kultur','Ruhig','58.550537, 16.040007'),(47,58,11,'Linköpings Golfclub','Universitetsvägen, 583 30 Linköping','Linköping','Östergötlands län','Aktivitäten','Eine Runde Golf spielen und sich unter ein Paar Geschäftsleute Schwedens mischen. Komm und wage einen Abschlag.','http://p3reise.schwarzes-seelenreich.de:8080/assets/img/Linkopings_Golfklubb.png','Golf','Sport','Aktiv','58.397186, 15.570677'),(48,57,25,'Vättern Kajak','Lievägen 3, 599 31 Ödeshög','Ödeshög','Östergötlands län','Kanu fahren','Hier kann man mit einem Kajak durch die schöne Natur fahren. Vom Wasser aus erscheint die Natur in einem ganz besonderen Licht.','http://p3reise.schwarzes-seelenreich.de:8080/assets/img/Vatternkajak.png','Meer','Natur','Neutral','58.233100, 14.673128'),(49,57,45,'Vättern Kajak','Lievägen 3, 599 31 Ödeshög','Ödeshög','Östergötlands län','Kanu fahren','Hier kann man mit einem Kajak durch die schöne Natur fahren. Vom Wasser aus erscheint die Natur in einem ganz besonderen Licht.','http://p3reise.schwarzes-seelenreich.de:8080/assets/img/Vatternkajak.png','Wassersport','Sport','Aktiv','58.233100, 14.673128'),(50,9,40,'Norrköpings Segelflugzeugclub','Slakthusvägen 8, 605 92 Norrköping','Norrköping','Östergötlands län','Aktivitäten','Bei Nörrköpings Segelflugclub können sie mit routinierten Fliegern einen Segelflug erleben und die schöne Landschaft Schwedens von oben betrachten.','http://p3reise.schwarzes-seelenreich.de:8080/assets/img/NorrkopingsSegelflygklubb.png','Fliegen','Sport','Aktiv','58.592241, 16.239567'),(51,9,32,'Norrköpings Segelflugzeugclub','Slakthusvägen 8, 605 92 Norrköping','Norrköping','Östergötlands län','Aktivitäten','Bei Nörrköpings Segelflugclub können sie mit routinierten Fliegern einen Segelflug erleben und die schöne Landschaft Schwedens von oben betrachten.','http://p3reise.schwarzes-seelenreich.de:8080/assets/img/NorrkopingsSegelflygklubb.png','Sehenswürdigkeit','Kultur','Ruhig','58.592241, 16.239567'),(52,56,2,'Burg Brahehus','563 91 Gränna','Gränna','Jönköpings län','Wandern','Wandern mit einer Kultureinlage wird hier geboten. Das Highlight ist die Burgruine die auf dem Wanderweg liegt und ein wundervolles Motiv für Fotos bildet.','http://p3reise.schwarzes-seelenreich.de:8080/assets/img/Burg_Brahehus.png','Spazierengehen','Sport','Neutral','58.050906, 14.536774'),(56,10,9,'Holmens Museum','Laxholmen, 602 21 Norrköping','Norrköping','Östergötlands län','Kultur','Hier sind die historischen Stadien der Papierherstellung von Handarbeit bis hin zu den Maschinen zu erkunden.','http://p3reise.schwarzes-seelenreich.de:8080/assets/img/HolmensMuseum.png','Geschichte','Kultur','Ruhig','58.590845, 16.180825'),(57,56,13,'Burg Brahehus','563 91 Gränna','Gränna','Jönköpings län','Wandern','Wandern mit einer Kultureinlage wird hier geboten. Das Highlight ist die Burgruine die auf dem Wanderweg liegt und ein wundervolles Motiv für Fotos bildet.','http://p3reise.schwarzes-seelenreich.de:8080/assets/img/Burg_Brahehus.png','Walking','Sport','Aktiv','58.050906, 14.536774'),(58,10,33,'Holmens Museum','Laxholmen, 602 21 Norrköping','Norrköping','Östergötlands län','Kultur','Hier sind die historischen Stadien der Papierherstellung von Handarbeit bis hin zu den Maschinen zu erkunden.','http://p3reise.schwarzes-seelenreich.de:8080/assets/img/HolmensMuseum.png','Sitten','Kultur','Ruhig','58.590845, 16.180825'),(59,56,24,'Burg Brahehus','563 91 Gränna','Gränna','Jönköpings län','Wandern','Wandern mit einer Kultureinlage wird hier geboten. Das Highlight ist die Burgruine die auf dem Wanderweg liegt und ein wundervolles Motiv für Fotos bildet.','http://p3reise.schwarzes-seelenreich.de:8080/assets/img/Burg_Brahehus.png','Wald','Natur','Neutral','58.050906, 14.536774'),(60,10,36,'Holmens Museum','Laxholmen, 602 21 Norrköping','Norrköping','Östergötlands län','Kultur','Hier sind die historischen Stadien der Papierherstellung von Handarbeit bis hin zu den Maschinen zu erkunden.','http://p3reise.schwarzes-seelenreich.de:8080/assets/img/HolmensMuseum.png','Museum','Kultur','Ruhig','58.590845, 16.180825'),(61,56,28,'Burg Brahehus','563 91 Gränna','Gränna','Jönköpings län','Wandern','Wandern mit einer Kultureinlage wird hier geboten. Das Highlight ist die Burgruine die auf dem Wanderweg liegt und ein wundervolles Motiv für Fotos bildet.','http://p3reise.schwarzes-seelenreich.de:8080/assets/img/Burg_Brahehus.png','Berge','Natur','Neutral','58.050906, 14.536774'),(62,56,32,'Burg Brahehus','563 91 Gränna','Gränna','Jönköpings län','Wandern','Wandern mit einer Kultureinlage wird hier geboten. Das Highlight ist die Burgruine die auf dem Wanderweg liegt und ein wundervolles Motiv für Fotos bildet.','http://p3reise.schwarzes-seelenreich.de:8080/assets/img/Burg_Brahehus.png','Sehenswürdigkeit','Kultur','Ruhig','58.050906, 14.536774'),(63,11,26,'Tropicarium AB','Kopparbovägen 1, 618 93 Kolmården','Norrköping','Östergötlands län','Aktivitäten','Hier lassen sich Tiere aus dem Wasser, dem Jungle und der Savanne beobachten. ','http://p3reise.schwarzes-seelenreich.de:8080/assets/img/TropicariumAB.png','Tiere','Natur','Neutral','58.665768, 16.466956'),(64,55,2,'Liljeholmspark','554 53 Jönköping','Jönköping','Jönköpings län','Wandern','Bietet eine schöne Umgebung für Spaziergänge und Walken. ','http://p3reise.schwarzes-seelenreich.de:8080/assets/img/Liljeholmsparken.png','Spazierengehen','Sport','Neutral','57.783365, 14.214060'),(65,55,32,'Liljeholmspark','554 53 Jönköping','Jönköping','Jönköpings län','Wandern','Bietet eine schöne Umgebung für Spaziergänge und Walken. ','http://p3reise.schwarzes-seelenreich.de:8080/assets/img/Liljeholmsparken.png','Sehenswürdigkeit','Kultur','Ruhig','57.783365, 14.214060'),(67,55,37,'Liljeholmspark','554 53 Jönköping','Jönköping','Jönköpings län','Wandern','Bietet eine schöne Umgebung für Spaziergänge und Walken. ','http://p3reise.schwarzes-seelenreich.de:8080/assets/img/Liljeholmsparken.png','Entspannend','Vibe','Ruhig','57.783365, 14.214060'),(68,12,32,'Sigtuna Museum','Södergatan 20, 195 47 Märsta','Sigtuna','Stockholms län','Kultur','In diesem Museum lässt sich Kunst auf kleinster Ausstellungsfläche besichtigen und bewundern.','http://p3reise.schwarzes-seelenreich.de:8080/assets/img/SigtunaMuseum.png','Sehenswürdigkeit','Kultur','Ruhig','59.626092, 17.859772'),(69,12,36,'Sigtuna Museum','Södergatan 20, 195 47 Märsta','Sigtuna','Stockholms län','Kultur','In diesem Museum lässt sich Kunst auf kleinster Ausstellungsfläche besichtigen und bewundern.','http://p3reise.schwarzes-seelenreich.de:8080/assets/img/SigtunaMuseum.png','Museum','Kultur','Ruhig','59.626092, 17.859772'),(70,54,1,'Jönköpings Stadtpark','551 89 Jönköping','Jönköping','Jönköpings län','Wandern','Wer Lust auf einen Spaziergang mit Lerneffekt hat, ist hier im Park richtig. Hier kann man sich in das Leben der Einheimischen mischen und ist direkt im Mittelpunkt der Gesellschaft mit dabei.','http://p3reise.schwarzes-seelenreich.de:8080/assets/img/Jonkopings_Stadspark.png','Radfahren','Sport','Aktiv','57.783932, 14.161650'),(71,54,2,'Jönköpings Stadtpark','551 89 Jönköping','Jönköping','Jönköpings län','Wandern','Wer Lust auf einen Spaziergang mit Lerneffekt hat, ist hier im Park richtig. Hier kann man sich in das Leben der Einheimischen mischen und ist direkt im Mittelpunkt der Gesellschaft mit dabei.','http://p3reise.schwarzes-seelenreich.de:8080/assets/img/Jonkopings_Stadspark.png','Spazierengehen','Sport','Neutral','57.783932, 14.161650'),(72,13,32,'Freikirche der Zeugen Jehovas','Östra Galaxvägen 3,195 56 Märsta','Sigtuna','Stockholms län','Kultur','Einer der wenigen Zusammenkunftsorte der Zeugen Jehovas in Schweden. ','http://p3reise.schwarzes-seelenreich.de:8080/assets/img/FrikyrkaJehovasVittnen.png','Sehenswürdigkeit','Kultur','Ruhig','59.613715, 17.820875'),(73,13,33,'Freikirche der Zeugen Jehovas','Östra Galaxvägen 3,195 56 Märsta','Sigtuna','Stockholms län','Kultur','Einer der wenigen Zusammenkunftsorte der Zeugen Jehovas in Schweden. ','http://p3reise.schwarzes-seelenreich.de:8080/assets/img/FrikyrkaJehovasVittnen.png','Sitten','Kultur','Ruhig','59.613715, 17.820875'),(76,14,32,'Kirche','Madängsvägen 32, 522 91 Tidaholm','Tidaholm','Västra Götalands län','Kultur','Diese Kirche ist ein lohnendes Ziel für eine Besichtigung, das jeden Kirchengänger erfreuen wird.','http://p3reise.schwarzes-seelenreich.de:8080/assets/img/Kirche.png','Sehenswürdigkeit','Kultur','Ruhig','58.135796, 13.928880'),(77,14,33,'Kirche','Madängsvägen 32, 522 91 Tidaholm','Tidaholm','Västra Götalands län','Kultur','Diese Kirche ist ein lohnendes Ziel für eine Besichtigung, das jeden Kirchengänger erfreuen wird.','http://p3reise.schwarzes-seelenreich.de:8080/assets/img/Kirche.png','Sitten','Kultur','Ruhig','58.135796, 13.928880'),(78,14,9,'Kirche','Madängsvägen 32, 522 91 Tidaholm','Tidaholm','Västra Götalands län','Kultur','Diese Kirche ist ein lohnendes Ziel für eine Besichtigung, das jeden Kirchengänger erfreuen wird.','http://p3reise.schwarzes-seelenreich.de:8080/assets/img/Kirche.png','Geschichte','Kultur','Ruhig','58.135796, 13.928880'),(79,54,13,'Jönköpings Stadtpark','551 89 Jönköping','Jönköping','Jönköpings län','Wandern','Wer Lust auf einen Spaziergang mit Lerneffekt hat, ist hier im Park richtig. Hier kann man sich in das Leben der Einheimischen mischen und ist direkt im Mittelpunkt der Gesellschaft mit dabei.','http://p3reise.schwarzes-seelenreich.de:8080/assets/img/Jonkopings_Stadspark.png','Walking','Sport','Aktiv','57.783932, 14.161650'),(81,15,41,'Stinsen Arena','Rådhusgatan 28, 571 31 Nässjö','Nässjö','Jönköpings län','Aktivitäten','In dieser Arena können Sie Ihr Können auf dem Eis zur Schau stellen. Sie bietet wunderbare große Eisflächen, die das Schlittschuhfahren zu einem echten Erlebnis machen.','http://p3reise.schwarzes-seelenreich.de:8080/assets/img/StinsenArena.png','Eislaufen','Sport','Aktiv','57.653583, 14.697247'),(82,54,24,'Jönköpings Stadtpark','551 89 Jönköping','Jönköping','Jönköpings län','Wandern','Wer Lust auf einen Spaziergang mit Lerneffekt hat, ist hier im Park richtig. Hier kann man sich in das Leben der Einheimischen mischen und ist direkt im Mittelpunkt der Gesellschaft mit dabei.','http://p3reise.schwarzes-seelenreich.de:8080/assets/img/Jonkopings_Stadspark.png','Wald','Natur','Neutral','57.783932, 14.161650'),(83,54,32,'Jönköpings Stadtpark','551 89 Jönköping','Jönköping','Jönköpings län','Wandern','Wer Lust auf einen Spaziergang mit Lerneffekt hat, ist hier im Park richtig. Hier kann man sich in das Leben der Einheimischen mischen und ist direkt im Mittelpunkt der Gesellschaft mit dabei.','http://p3reise.schwarzes-seelenreich.de:8080/assets/img/Jonkopings_Stadspark.png','Sehenswürdigkeit','Kultur','Ruhig','57.783932, 14.161650'),(84,54,36,'Jönköpings Stadtpark','551 89 Jönköping','Jönköping','Jönköpings län','Wandern','Wer Lust auf einen Spaziergang mit Lerneffekt hat, ist hier im Park richtig. Hier kann man sich in das Leben der Einheimischen mischen und ist direkt im Mittelpunkt der Gesellschaft mit dabei.','http://p3reise.schwarzes-seelenreich.de:8080/assets/img/Jonkopings_Stadspark.png','Museum','Kultur','Ruhig','57.783932, 14.161650'),(85,16,9,'Söderhällgården Kunsthandwerksmuseum','Tomtevägen 1, 814 94 Älvkarleby','Älvkarleby','Uppsala län','Kultur','In diesem Volksmuseum mit Traditionen der Handwerkskunst können Sie in das Leben und die Vergangenheit der Einheimischen förmlich abtauchen.','http://p3reise.schwarzes-seelenreich.de:8080/assets/img/SoderhallgardenKonsthantverkMuseum.png','Geschichte','Kultur','Ruhig','60.535426, 17.405092'),(86,16,33,'Söderhällgården Kunsthandwerksmuseum','Tomtevägen 1, 814 94 Älvkarleby','Älvkarleby','Uppsala län','Kultur','In diesem Volksmuseum mit Traditionen der Handwerkskunst können Sie in das Leben und die Vergangenheit der Einheimischen förmlich abtauchen.','http://p3reise.schwarzes-seelenreich.de:8080/assets/img/SoderhallgardenKonsthantverkMuseum.png','Sitten','Kultur','Ruhig','60.535426, 17.405092'),(87,53,45,'Jönköpings Kanuclub','V-Strandpromenaden, Box 101, 551 13 Jönköping','Jönköping','Jönköpings län','Aktivitäten','Wer Kanu fahren schon immer mal ausprobieren wollte kann hier eine Fahrt wagen und die wunderschöne Natur Schwedens vom Wasser aus betrachten.','http://p3reise.schwarzes-seelenreich.de:8080/assets/img/Jonkopings_Kanotklubb.png','Wassersport','Sport','Aktiv','57.788971, 14.150323'),(88,16,36,'Söderhällgården Kunsthandwerksmuseum','Tomtevägen 1, 814 94 Älvkarleby','Älvkarleby','Uppsala län','Kultur','In diesem Volksmuseum mit Traditionen der Handwerkskunst können Sie in das Leben und die Vergangenheit der Einheimischen förmlich abtauchen.','http://p3reise.schwarzes-seelenreich.de:8080/assets/img/SoderhallgardenKonsthantverkMuseum.png','Museum','Kultur','Ruhig','60.535426, 17.405092'),(89,52,9,'Neue Kirche Gällivare','Lasarettsgatan 10,982 31 Gällivare','Gällivare','Norrbottens län','Kultur','Eine Kirche die im 19 Jahrhundert gebaut wurde, hier geht das Herz von Kirchenliebhabern auf.','http://p3reise.schwarzes-seelenreich.de:8080/assets/img/The_new_church_in_Gallivare.png','Geschichte','Kultur','Ruhig','67.132797, 20.658259'),(90,52,21,'Neue Kirche Gällivare','Lasarettsgatan 10,982 31 Gällivare','Gällivare','Norrbottens län','Kultur','Eine Kirche die im 19 Jahrhundert gebaut wurde, hier geht das Herz von Kirchenliebhabern auf.','http://p3reise.schwarzes-seelenreich.de:8080/assets/img/The_new_church_in_Gallivare.png','Traditionell','Vibe','Neutral','67.132797, 20.658259'),(91,17,9,'Landesmuseum Gävleborg','Södra Strandgatan 20, 802 50 Gävle','Gävle','Gävleborgs län','Kultur','Das Landesmuseum von Gävleborg stellt Aspekte der Kultur- und Baugeschichte, traditionelle Gebäude, Landschaftsschutz und Archäologie dar.','http://p3reise.schwarzes-seelenreich.de:8080/assets/img/LansmuseetGavleborg.png','Geschichte','Kultur','Ruhig','60.673922, 17.149968'),(92,52,32,'Neue Kirche Gällivare','Lasarettsgatan 10,982 31 Gällivare','Gällivare','Norrbottens län','Kultur','Eine Kirche die im 19 Jahrhundert gebaut wurde, hier geht das Herz von Kirchenliebhabern auf.','http://p3reise.schwarzes-seelenreich.de:8080/assets/img/The_new_church_in_Gallivare.png','Sehenswürdigkeit','Kultur','Ruhig','67.132797, 20.658259'),(93,17,33,'Landesmuseum Gävleborg','Södra Strandgatan 20, 802 50 Gävle','Gävle','Gävleborgs län','Kultur','Das Landesmuseum von Gävleborg stellt Aspekte der Kultur- und Baugeschichte, traditionelle Gebäude, Landschaftsschutz und Archäologie dar.','http://p3reise.schwarzes-seelenreich.de:8080/assets/img/LansmuseetGavleborg.png','Sitten','Kultur','Ruhig','60.673922, 17.149968'),(94,17,36,'Landesmuseum Gävleborg','Södra Strandgatan 20, 802 50 Gävle','Gävle','Gävleborgs län','Kultur','Das Landesmuseum von Gävleborg stellt Aspekte der Kultur- und Baugeschichte, traditionelle Gebäude, Landschaftsschutz und Archäologie dar.','http://p3reise.schwarzes-seelenreich.de:8080/assets/img/LansmuseetGavleborg.png','Museum','Kultur','Ruhig','60.673922, 17.149968'),(95,52,33,'Neue Kirche Gällivare','Lasarettsgatan 10,982 31 Gällivare','Gällivare','Norrbottens län','Kultur','Eine Kirche die im 19 Jahrhundert gebaut wurde, hier geht das Herz von Kirchenliebhabern auf.','http://p3reise.schwarzes-seelenreich.de:8080/assets/img/The_new_church_in_Gallivare.png','Sitten','Kultur','Ruhig','67.132797, 20.658259'),(96,18,36,'Norrsundets Arbeitermuseum','Kvistholmsvägen 5, 817 30 Norrsundet','Gävle','Gävleborgs län','Kultur','Lernen Sie das Leben von schwedischen Holzarbeitern kennen und entdecken sie die gute einheimische Küche von Gävle.','http://p3reise.schwarzes-seelenreich.de:8080/assets/img/NorrsundetsArbetarmuseum.png','Museum','Kultur','Ruhig','60.926866, 17.140447'),(97,18,33,'Norrsundets Arbeitermuseum','Kvistholmsvägen 5, 817 30 Norrsundet','Gävle','Gävleborgs län','Kultur','Lernen Sie das Leben von schwedischen Holzarbeitern kennen und entdecken sie die gute einheimische Küche von Gävle.','http://p3reise.schwarzes-seelenreich.de:8080/assets/img/NorrsundetsArbetarmuseum.png','Sitten','Kultur','Ruhig','60.926866, 17.140447'),(98,51,1,'Nationalpark Muddus','Stortorget 4 / Box 124, 962 23 Jokkmokk','Jokkmokk','Norrbottens län','Wandern','Wer das Wandern durch einen Nationalpark mit Bäumen und Bergen, sowie das Spazierengehen neben Waldbächen mag, ist hier richtig.','http://p3reise.schwarzes-seelenreich.de:8080/assets/img/NationalparkMuddus.png','Radfahren','Sport','Aktiv','66.604856, 19.834285'),(99,18,9,'Norrsundets Arbeitermuseum','Kvistholmsvägen 5, 817 30 Norrsundet','Gävle','Gävleborgs län','Kultur','Lernen Sie das Leben von schwedischen Holzarbeitern kennen und entdecken sie die gute einheimische Küche von Gävle.','http://p3reise.schwarzes-seelenreich.de:8080/assets/img/NorrsundetsArbetarmuseum.png','Geschichte','Kultur','Ruhig','60.926866, 17.140447'),(100,51,2,'Nationalpark Muddus','Stortorget 4 / Box 124, 962 23 Jokkmokk','Jokkmokk','Norrbottens län','Wandern','Wer das Wandern durch einen Nationalpark mit Bäumen und Bergen, sowie das Spazierengehen neben Waldbächen mag, ist hier richtig.','http://p3reise.schwarzes-seelenreich.de:8080/assets/img/NationalparkMuddus.png','Spazierengehen','Sport','Neutral','66.604856, 19.834285'),(102,19,42,'Stockholms Fallschirmclub','Korsbo, 815 91 Tierp','Tierp','Uppsala län','Aktivitäten','Lust auf etwas was das Blut in Wallung bringt? Dann versuchen Sie es doch mit einem Fallschirmsprung von ganz oben.','http://p3reise.schwarzes-seelenreich.de:8080/assets/img/StockholmsFallskarmsklubb.png','Fallschirmspringen','Sport','Aktiv','60.307923, 17.361505'),(104,51,13,'Nationalpark Muddus','Stortorget 4 / Box 124, 962 23 Jokkmokk','Jokkmokk','Norrbottens län','Wandern','Wer das Wandern durch einen Nationalpark mit Bäumen und Bergen, sowie das Spazierengehen neben Waldbächen mag, ist hier richtig.','http://p3reise.schwarzes-seelenreich.de:8080/assets/img/NationalparkMuddus.png','Walking','Sport','Aktiv','66.604856, 19.834285'),(106,20,10,'Bashkir Reitclub','Karlsäter 2, 814 95 Älvkarleby','Älvkarleby','Uppsala län','Aktivitäten','Ob ein spannender nächtlicher Ausritt durch die schwedische Natur, oder einfach nur ein gemütlicher erster Ritt: die Tour durch Wald und Wiesen zu Pferd wird aufregend.','http://p3reise.schwarzes-seelenreich.de:8080/assets/img/BashkirTurridning.png','Reiten','Sport','Aktiv','60.492089, 17.469465'),(107,20,26,'Bashkir Reitclub','Karlsäter 2, 814 95 Älvkarleby','Älvkarleby','Uppsala län','Aktivitäten','Ob ein spannender nächtlicher Ausritt durch die schwedische Natur, oder einfach nur ein gemütlicher erster Ritt: die Tour durch Wald und Wiesen zu Pferd wird aufregend.','http://p3reise.schwarzes-seelenreich.de:8080/assets/img/BashkirTurridning.png','Tiere','Natur','Neutral','60.492089, 17.469465'),(108,51,24,'Nationalpark Muddus','Stortorget 4 / Box 124, 962 23 Jokkmokk','Jokkmokk','Norrbottens län','Wandern','Wer das Wandern durch einen Nationalpark mit Bäumen und Bergen, sowie das Spazierengehen neben Waldbächen mag, ist hier richtig.','http://p3reise.schwarzes-seelenreich.de:8080/assets/img/NationalparkMuddus.png','Wald','Natur','Neutral','66.604856, 19.834285'),(109,20,24,'Bashkir Reitclub','Karlsäter 2, 814 95 Älvkarleby','Älvkarleby','Uppsala län','Aktivitäten','Ob ein spannender nächtlicher Ausritt durch die schwedische Natur, oder einfach nur ein gemütlicher erster Ritt: die Tour durch Wald und Wiesen zu Pferd wird aufregend.','http://p3reise.schwarzes-seelenreich.de:8080/assets/img/BashkirTurridning.png','Wald','Natur','Neutral','60.492089, 17.469465'),(110,51,26,'Nationalpark Muddus','Stortorget 4 / Box 124, 962 23 Jokkmokk','Jokkmokk','Norrbottens län','Wandern','Wer das Wandern durch einen Nationalpark mit Bäumen und Bergen, sowie das Spazierengehen neben Waldbächen mag, ist hier richtig.','http://p3reise.schwarzes-seelenreich.de:8080/assets/img/NationalparkMuddus.png','Tiere','Natur','Neutral','66.604856, 19.834285'),(111,21,43,'Gävle Pistolenclub','Älgsjön, 805 92 Gävle','Gävle','Gävleborgs län','Aktivitäten','Der Schießclub in Gävle bietet Unerfahrenen die das Schießen kennenlernen möchten die Möglichkeit dieses ungewöhnliche Hobby für sich zu entdecken.','http://p3reise.schwarzes-seelenreich.de:8080/assets/img/GavlePistolskytteklubb.png','Schießen','Sport','Aktiv','60.617256, 17.233419'),(112,51,27,'Nationalpark Muddus','Stortorget 4 / Box 124, 962 23 Jokkmokk','Jokkmokk','Norrbottens län','Wandern','Wer das Wandern durch einen Nationalpark mit Bäumen und Bergen, sowie das Spazierengehen neben Waldbächen mag, ist hier richtig.','http://p3reise.schwarzes-seelenreich.de:8080/assets/img/NationalparkMuddus.png','Pflanzen','Natur','Neutral','66.604856, 19.834285'),(113,51,28,'Nationalpark Muddus','Stortorget 4 / Box 124, 962 23 Jokkmokk','Jokkmokk','Norrbottens län','Wandern','Wer das Wandern durch einen Nationalpark mit Bäumen und Bergen, sowie das Spazierengehen neben Waldbächen mag, ist hier richtig.','http://p3reise.schwarzes-seelenreich.de:8080/assets/img/NationalparkMuddus.png','Berge','Natur','Neutral','66.604856, 19.834285'),(114,22,44,'Gefle Segelclub','Huseliiharen, 805 95 Gävle','Gävle','Gävleborgs län','Aktivitäten','Hier können Sie eine schöne Segeltour machen und die Natur Schwedens genießen. ','http://p3reise.schwarzes-seelenreich.de:8080/assets/img/GefleSegelSallskap.png','Segeln','Sport','Aktiv','60.728748, 17.283937'),(115,51,37,'Nationalpark Muddus','Stortorget 4 / Box 124, 962 23 Jokkmokk','Jokkmokk','Norrbottens län','Wandern','Wer das Wandern durch einen Nationalpark mit Bäumen und Bergen, sowie das Spazierengehen neben Waldbächen mag, ist hier richtig.','http://p3reise.schwarzes-seelenreich.de:8080/assets/img/NationalparkMuddus.png','Entspannend','Vibe','Ruhig','66.604856, 19.834285'),(116,22,25,'Gefle Segelclub','Huseliiharen, 805 95 Gävle','Gävle','Gävleborgs län','Aktivitäten','Hier können Sie eine schöne Segeltour machen und die Natur Schwedens genießen. ','http://p3reise.schwarzes-seelenreich.de:8080/assets/img/GefleSegelSallskap.png','Meer','Natur','Neutral','60.728748, 17.283937'),(117,50,2,'Skabram Tourismus & Gårdsmejeri','Skabram 206,962 99 Jokkmokk','Jokkmokk','Norrbottens län','Wandern','Wandern in der Umgebung von Wiesen und auf flachen Wegen, perfekt zum Spazieren und Walken.','http://p3reise.schwarzes-seelenreich.de:8080/assets/img/SkabramTurismGardsmejeri.png','Spazierengehen','Sport','Neutral','66.606310, 19.762404'),(118,50,4,'Skabram Tourismus & Gårdsmejeri','Skabram 206,962 99 Jokkmokk','Jokkmokk','Norrbottens län','Wandern','Wandern in der Umgebung von Wiesen und auf flachen Wegen, perfekt zum Spazieren und Walken.','http://p3reise.schwarzes-seelenreich.de:8080/assets/img/SkabramTurismGardsmejeri.png','Schwimmen','Sport','Aktiv','66.606310, 19.762404'),(121,50,12,'Skabram Tourismus & Gårdsmejeri','Skabram 206,962 99 Jokkmokk','Jokkmokk','Norrbottens län','Wandern','Wandern in der Umgebung von Wiesen und auf flachen Wegen, perfekt zum Spazieren und Walken.','http://p3reise.schwarzes-seelenreich.de:8080/assets/img/SkabramTurismGardsmejeri.png','Skifahren','Sport','Aktiv','66.606310, 19.762404'),(123,50,13,'Skabram Tourismus & Gårdsmejeri','Skabram 206,962 99 Jokkmokk','Jokkmokk','Norrbottens län','Wandern','Wandern in der Umgebung von Wiesen und auf flachen Wegen, perfekt zum Spazieren und Walken.','http://p3reise.schwarzes-seelenreich.de:8080/assets/img/SkabramTurismGardsmejeri.png','Walking','Sport','Aktiv','66.606310, 19.762404'),(126,50,24,'Skabram Tourismus & Gårdsmejeri','Skabram 206,962 99 Jokkmokk','Jokkmokk','Norrbottens län','Wandern','Wandern in der Umgebung von Wiesen und auf flachen Wegen, perfekt zum Spazieren und Walken.','http://p3reise.schwarzes-seelenreich.de:8080/assets/img/SkabramTurismGardsmejeri.png','Wald','Natur','Neutral','66.606310, 19.762404'),(128,50,26,'Skabram Tourismus & Gårdsmejeri','Skabram 206,962 99 Jokkmokk','Jokkmokk','Norrbottens län','Wandern','Wandern in der Umgebung von Wiesen und auf flachen Wegen, perfekt zum Spazieren und Walken.','http://p3reise.schwarzes-seelenreich.de:8080/assets/img/SkabramTurismGardsmejeri.png','Tiere','Natur','Neutral','66.606310, 19.762404'),(129,50,27,'Skabram Tourismus & Gårdsmejeri','Skabram 206,962 99 Jokkmokk','Jokkmokk','Norrbottens län','Wandern','Wandern in der Umgebung von Wiesen und auf flachen Wegen, perfekt zum Spazieren und Walken.','http://p3reise.schwarzes-seelenreich.de:8080/assets/img/SkabramTurismGardsmejeri.png','Pflanzen','Natur','Neutral','66.606310, 19.762404'),(130,50,37,'Skabram Tourismus & Gårdsmejeri','Skabram 206,962 99 Jokkmokk','Jokkmokk','Norrbottens län','Wandern','Wandern in der Umgebung von Wiesen und auf flachen Wegen, perfekt zum Spazieren und Walken.','http://p3reise.schwarzes-seelenreich.de:8080/assets/img/SkabramTurismGardsmejeri.png','Entspannend','Vibe','Ruhig','66.606310, 19.762404'),(131,24,2,'Freiluftmuseum Hägnan','Gamla Hamngatan 21,954 33 Gammelstad','Luleå','Norrbottens län','Kultur','Das Museum verfügt über Gebäude aus dem 18. und 19. Jahrhundert, die Besucher in eine andere Zeit von Luleå abtauchen lässt.','http://p3reise.schwarzes-seelenreich.de:8080/assets/img/FriluftsmuseetHagnan.png','Spazierengehen','Sport','Neutral','65.649205, 22.036004'),(134,49,2,'Stiftung Vuollerim','Murjeksvägen 31,960 30 Vuollerim','Voullerim','Norrbottens län','Wandern','Wandern in der Umgebung von Steinen und Bergen. Ein stetiges Auf und Ab in einer atemberaubenden Natur.','http://p3reise.schwarzes-seelenreich.de:8080/assets/img/StiftelsenVuollerim6000Ar.png','Spazierengehen','Sport','Neutral','66.435939, 20.609063'),(136,24,31,'Freiluftmuseum Hägnan','Gamla Hamngatan 21,954 33 Gammelstad','Luleå','Norrbottens län','Kultur','Das Museum verfügt über Gebäude aus dem 18. und 19. Jahrhundert, die Besucher in eine andere Zeit von Luleå abtauchen lässt.','http://p3reise.schwarzes-seelenreich.de:8080/assets/img/FriluftsmuseetHagnan.png','Kino','Kultur','Ruhig','65.649205, 22.036004'),(138,24,23,'Freiluftmuseum Hägnan','Gamla Hamngatan 21,954 33 Gammelstad','Luleå','Norrbottens län','Kultur','Das Museum verfügt über Gebäude aus dem 18. und 19. Jahrhundert, die Besucher in eine andere Zeit von Luleå abtauchen lässt.','http://p3reise.schwarzes-seelenreich.de:8080/assets/img/FriluftsmuseetHagnan.png','Show','Kultur','Ruhig','65.649205, 22.036004'),(139,24,33,'Freiluftmuseum Hägnan','Gamla Hamngatan 21,954 33 Gammelstad','Luleå','Norrbottens län','Kultur','Das Museum verfügt über Gebäude aus dem 18. und 19. Jahrhundert, die Besucher in eine andere Zeit von Luleå abtauchen lässt.','http://p3reise.schwarzes-seelenreich.de:8080/assets/img/FriluftsmuseetHagnan.png','Sitten','Kultur','Ruhig','65.649205, 22.036004'),(140,49,13,'Stiftung Vuollerim','Murjeksvägen 31,960 30 Vuollerim','Voullerim','Norrbottens län','Wandern','Wandern in der Umgebung von Steinen und Bergen. Ein stetiges Auf und Ab in einer atemberaubenden Natur.','http://p3reise.schwarzes-seelenreich.de:8080/assets/img/StiftelsenVuollerim6000Ar.png','Walking','Sport','Aktiv','66.435939, 20.609063'),(141,49,26,'Stiftung Vuollerim','Murjeksvägen 31,960 30 Vuollerim','Voullerim','Norrbottens län','Wandern','Wandern in der Umgebung von Steinen und Bergen. Ein stetiges Auf und Ab in einer atemberaubenden Natur.','http://p3reise.schwarzes-seelenreich.de:8080/assets/img/StiftelsenVuollerim6000Ar.png','Tiere','Natur','Neutral','66.435939, 20.609063'),(142,49,27,'Stiftung Vuollerim','Murjeksvägen 31,960 30 Vuollerim','Voullerim','Norrbottens län','Wandern','Wandern in der Umgebung von Steinen und Bergen. Ein stetiges Auf und Ab in einer atemberaubenden Natur.','http://p3reise.schwarzes-seelenreich.de:8080/assets/img/StiftelsenVuollerim6000Ar.png','Pflanzen','Natur','Neutral','66.435939, 20.609063'),(143,49,28,'Stiftung Vuollerim','Murjeksvägen 31,960 30 Vuollerim','Voullerim','Norrbottens län','Wandern','Wandern in der Umgebung von Steinen und Bergen. Ein stetiges Auf und Ab in einer atemberaubenden Natur.','http://p3reise.schwarzes-seelenreich.de:8080/assets/img/StiftelsenVuollerim6000Ar.png','Berge','Natur','Neutral','66.435939, 20.609063'),(144,25,21,'Eishotel','Marknadsvägen 63, 981 91 Jukkasjärvi','Kiruna','Norrbottens län','Übernachtung','Ein Hotel, komplett aus Eis und Schnee erbaut, für die, die auf ein kleines Abenteuer aus sind.','http://p3reise.schwarzes-seelenreich.de:8080/assets/img/Icehotel.png','Traditionell','Vibe','Neutral','67.850961, 20.595426'),(145,25,22,'Eishotel','Marknadsvägen 63, 981 91 Jukkasjärvi','Kiruna','Norrbottens län','Übernachtung','Ein Hotel, komplett aus Eis und Schnee erbaut, für die, die auf ein kleines Abenteuer aus sind.','http://p3reise.schwarzes-seelenreich.de:8080/assets/img/Icehotel.png','Modern','Vibe','Neutral','67.850961, 20.595426'),(146,49,36,'Stiftung Vuollerim','Murjeksvägen 31,960 30 Vuollerim','Voullerim','Norrbottens län','Wandern','Wandern in der Umgebung von Steinen und Bergen. Ein stetiges Auf und Ab in einer atemberaubenden Natur.','http://p3reise.schwarzes-seelenreich.de:8080/assets/img/StiftelsenVuollerim6000Ar.png','Museum','Kultur','Ruhig','66.435939, 20.609063'),(147,25,32,'Eishotel','Marknadsvägen 63, 981 91 Jukkasjärvi','Kiruna','Norrbottens län','Übernachtung','Ein Hotel, komplett aus Eis und Schnee erbaut, für die, die auf ein kleines Abenteuer aus sind.','http://p3reise.schwarzes-seelenreich.de:8080/assets/img/Icehotel.png','Sehenswürdigkeit','Kultur','Ruhig','67.850961, 20.595426'),(148,49,37,'Stiftung Vuollerim','Murjeksvägen 31,960 30 Vuollerim','Voullerim','Norrbottens län','Wandern','Wandern in der Umgebung von Steinen und Bergen. Ein stetiges Auf und Ab in einer atemberaubenden Natur.','http://p3reise.schwarzes-seelenreich.de:8080/assets/img/StiftelsenVuollerim6000Ar.png','Entspannend','Vibe','Ruhig','66.435939, 20.609063'),(149,25,33,'Eishotel','Marknadsvägen 63, 981 91 Jukkasjärvi','Kiruna','Norrbottens län','Übernachtung','Ein Hotel, komplett aus Eis und Schnee erbaut, für die, die auf ein kleines Abenteuer aus sind.','http://p3reise.schwarzes-seelenreich.de:8080/assets/img/Icehotel.png','Sitten','Kultur','Ruhig','67.850961, 20.595426'),(150,25,38,'Eishotel','Marknadsvägen 63, 981 91 Jukkasjärvi','Kiruna','Norrbottens län','Übernachtung','Ein Hotel, komplett aus Eis und Schnee erbaut, für die, die auf ein kleines Abenteuer aus sind.','http://p3reise.schwarzes-seelenreich.de:8080/assets/img/Icehotel.png','Übernachtung','Basics','Neutral','67.850961, 20.595426'),(151,48,2,'Stiftung Olofsfors Eisenmuseum','Olofsfors 18, 914 91 Nordmaling','Nordmaling','Västerbottens län','Kultur','Hier können sie den Charme alter Gebäude wiederentdecken und sich in eine frühere Zeit versetzten lassen.','http://p3reise.schwarzes-seelenreich.de:8080/assets/img/StiftelsenOlofsforsBruksmuseum.png','Spazierengehen','Sport','Neutral','63.581685, 19.443300'),(154,48,9,'Stiftung Olofsfors Eisenmuseum','Olofsfors 18, 914 91 Nordmaling','Nordmaling','Västerbottens län','Kultur','Hier können sie den Charme alter Gebäude wiederentdecken und sich in eine frühere Zeit versetzten lassen.','http://p3reise.schwarzes-seelenreich.de:8080/assets/img/StiftelsenOlofsforsBruksmuseum.png','Geschichte','Kultur','Ruhig','63.581685, 19.443300'),(155,26,18,'Margaretas Wirtshaus','Lulevägen 2, 954 33 Gammelstad','Luleå','Norrbottens län','Essen','Hier kann man in entspannter Runde in heimeliger Atmosphäre heißen Kaffee und kleine Spezialitäten genießen.','http://p3reise.schwarzes-seelenreich.de:8080/assets/img/MargaretasVardshus.png','Einheimisch','Kulinarisch','Ruhig','65.644756, 22.029569'),(156,26,2,'Margaretas Wirtshaus','Lulevägen 2, 954 33 Gammelstad','Luleå','Norrbottens län','Essen','Hier kann man in entspannter Runde in heimeliger Atmosphäre heißen Kaffee und kleine Spezialitäten genießen.','http://p3reise.schwarzes-seelenreich.de:8080/assets/img/MargaretasVardshus.png','Spazierengehen','Sport','Neutral','65.644756, 22.029569'),(157,48,36,'Stiftung Olofsfors Eisenmuseum','Olofsfors 18, 914 91 Nordmaling','Nordmaling','Västerbottens län','Kultur','Hier können sie den Charme alter Gebäude wiederentdecken und sich in eine frühere Zeit versetzten lassen.','http://p3reise.schwarzes-seelenreich.de:8080/assets/img/StiftelsenOlofsforsBruksmuseum.png','Museum','Kultur','Ruhig','63.581685, 19.443300'),(158,26,33,'Margaretas Wirtshaus','Lulevägen 2, 954 33 Gammelstad','Luleå','Norrbottens län','Essen','Hier kann man in entspannter Runde in heimeliger Atmosphäre heißen Kaffee und kleine Spezialitäten genießen.','http://p3reise.schwarzes-seelenreich.de:8080/assets/img/MargaretasVardshus.png','Sitten','Kultur','Ruhig','65.644756, 22.029569'),(159,26,21,'Margaretas Wirtshaus','Lulevägen 2, 954 33 Gammelstad','Luleå','Norrbottens län','Essen','Hier kann man in entspannter Runde in heimeliger Atmosphäre heißen Kaffee und kleine Spezialitäten genießen.','http://p3reise.schwarzes-seelenreich.de:8080/assets/img/MargaretasVardshus.png','Traditionell','Vibe','Neutral','65.644756, 22.029569'),(160,27,15,'Restaurant Roma','Östra Järnvägsgatan 8, 911 32 Vännäs','Vännäs','Västerbottens län','Essen','Bietet eine angenehme Atmosphäre und italienische Spezialitäten an.','http://p3reise.schwarzes-seelenreich.de:8080/assets/img/RestaurangRoma.png','Italienisch','Kulinarisch','Ruhig','63.905724, 19.752459'),(161,47,1,'Skuleskogen National Park','870 33 Docksta','Docksta','Västernorrlands län','Wandern','Bergige, an der Küste entlanglaufende Wanderwege, etwas für erfahrene Wanderer.','http://p3reise.schwarzes-seelenreich.de:8080/assets/img/SkuleskogenNationalPark.png','Radfahren','Sport','Aktiv','63.056672, 18.328886'),(162,47,2,'Skuleskogen National Park','870 33 Docksta','Docksta','Västernorrlands län','Wandern','Bergige, an der Küste entlanglaufende Wanderwege, etwas für erfahrene Wanderer.','http://p3reise.schwarzes-seelenreich.de:8080/assets/img/SkuleskogenNationalPark.png','Spazierengehen','Sport','Neutral','63.056672, 18.328886'),(163,28,18,'Hildes Café ','Köpmangatan 13, 826 30 Söderhamn','Söderhamn','Gävleborgs län','Essen','Bietet eine einheimische Atmosphäre und kleine Spezialitäten an. Gut um in Kontakt mit Einheimischen zu kommen.','http://p3reise.schwarzes-seelenreich.de:8080/assets/img/HildesCafeAB.png','Einheimisch','Kulinarisch','Ruhig','61.302937, 17.056190'),(165,28,33,'Hildes Café ','Köpmangatan 13, 826 30 Söderhamn','Söderhamn','Gävleborgs län','Essen','Bietet eine einheimische Atmosphäre und kleine Spezialitäten an. Gut um in Kontakt mit Einheimischen zu kommen.','http://p3reise.schwarzes-seelenreich.de:8080/assets/img/HildesCafeAB.png','Sitten','Kultur','Ruhig','61.302937, 17.056190'),(167,47,13,'Skuleskogen National Park','870 33 Docksta','Docksta','Västernorrlands län','Wandern','Bergige, an der Küste entlanglaufende Wanderwege, etwas für erfahrene Wanderer.','http://p3reise.schwarzes-seelenreich.de:8080/assets/img/SkuleskogenNationalPark.png','Walking','Sport','Aktiv','63.056672, 18.328886'),(168,47,24,'Skuleskogen National Park','870 33 Docksta','Docksta','Västernorrlands län','Wandern','Bergige, an der Küste entlanglaufende Wanderwege, etwas für erfahrene Wanderer.','http://p3reise.schwarzes-seelenreich.de:8080/assets/img/SkuleskogenNationalPark.png','Wald','Natur','Neutral','63.056672, 18.328886'),(169,29,9,'Petrigården','Församlingsvägen 12,954 33 Gammelstad','Luleå','Norrbottens län','Kultur','Hier findet sich ein Ort der Anbetung in der Natur.','http://p3reise.schwarzes-seelenreich.de:8080/assets/img/Petrigarden.png','Geschichte','Kultur','Ruhig','65.644508, 22.028802'),(170,47,26,'Skuleskogen National Park','870 33 Docksta','Docksta','Västernorrlands län','Wandern','Bergige, an der Küste entlanglaufende Wanderwege, etwas für erfahrene Wanderer.','http://p3reise.schwarzes-seelenreich.de:8080/assets/img/SkuleskogenNationalPark.png','Tiere','Natur','Neutral','63.056672, 18.328886'),(171,29,21,'Petrigården','Församlingsvägen 12,954 33 Gammelstad','Luleå','Norrbottens län','Kultur','Hier findet sich ein Ort der Anbetung in der Natur.','http://p3reise.schwarzes-seelenreich.de:8080/assets/img/Petrigarden.png','Traditionell','Vibe','Neutral','65.644508, 22.028802'),(172,47,27,'Skuleskogen National Park','870 33 Docksta','Docksta','Västernorrlands län','Wandern','Bergige, an der Küste entlanglaufende Wanderwege, etwas für erfahrene Wanderer.','http://p3reise.schwarzes-seelenreich.de:8080/assets/img/SkuleskogenNationalPark.png','Pflanzen','Natur','Neutral','63.056672, 18.328886'),(173,29,32,'Petrigården','Församlingsvägen 12,954 33 Gammelstad','Luleå','Norrbottens län','Kultur','Hier findet sich ein Ort der Anbetung in der Natur.','http://p3reise.schwarzes-seelenreich.de:8080/assets/img/Petrigarden.png','Sehenswürdigkeit','Kultur','Ruhig','65.644508, 22.028802'),(174,47,28,'Skuleskogen National Park','870 33 Docksta','Docksta','Västernorrlands län','Wandern','Bergige, an der Küste entlanglaufende Wanderwege, etwas für erfahrene Wanderer.','http://p3reise.schwarzes-seelenreich.de:8080/assets/img/SkuleskogenNationalPark.png','Berge','Natur','Neutral','63.056672, 18.328886'),(175,47,37,'Skuleskogen National Park','870 33 Docksta','Docksta','Västernorrlands län','Wandern','Bergige, an der Küste entlanglaufende Wanderwege, etwas für erfahrene Wanderer.','http://p3reise.schwarzes-seelenreich.de:8080/assets/img/SkuleskogenNationalPark.png','Entspannend','Vibe','Ruhig','63.056672, 18.328886'),(176,30,38,'Elite Stadthotel Luleå','Storgatan 15, 97232 Luleå','Luleå','Norrbottens län','Übernachtung','Alle Zimmer im Elite Stadthotel Luleå sind individuell eingerichtet und umfassen eine Minibar, einen Schreibtisch und einen Flachbild-TV. Die Badezimmer sind mit italienischem Marmor ausgestattet. Neben dem kostenfreien Zugang zum Fitnessraum profitieren Sie während Ihres Aufenthalts auch von Gruppenkursen, an denen Sie zu ermäßigten Preisen teilnehmen können.','http://p3reise.schwarzes-seelenreich.de:8080/assets/img/EliteStadshotelletLulea.png','Übernachtung','Basics','Neutral','65.583809, 22.145985'),(179,46,11,'Hudiksvalls Golfclub','Fäskärsvägen 7, 824 91 Hudiksvall','Hudiksvall','Gävleborgs län','Aktivitäten','Wer Lust auf eine Runde Golf hat ist hier genau richtig. Wagen Sie hier Ihren ersten Abschlag oder beweisen Sie Ihr Können.','http://p3reise.schwarzes-seelenreich.de:8080/assets/img/HudiksvallsGolfklubb.png','Golf','Sport','Aktiv','61.705384, 17.129082'),(180,31,38,'Comfort Hotel Jönköping','Klostergatan 28, 553 17 Jönköping','Jönköping','Jönköpings län','Übernachtung','Das hauseigene Restaurant serviert Ihnen schwedische und internationale Gerichte, gerne auch auf der sonnigen Terrasse. Nutzen Sie den Computer mit Internet in der Lobby, verweilen Sie an der Bar oder spielen Sie eine Partie Billard. Darüber hinaus genießen Sie kostenfreien Eintritt in einem nahe gelegenen Fitnessstudio.','http://p3reise.schwarzes-seelenreich.de:8080/assets/img/ComfortHotelJonkoping.png','Übernachtung','Basics','Neutral','57.779110, 14.156287'),(181,32,38,'BEST WESTERN Hotel Linköping','Hantverkaregatan 1, 582 23 Linköping','Linköping','Östergötlands län','Übernachtung','Dieses zentral gelegene Hotel befindet sich neben dem mittelalterlichen Hauptplatz von Linköping. Das hauseigene Restaurant und die Bar servieren spanische Küche und Cocktails. Mehrere Restaurants und Pubs von Linköping befinden sich ebenfalls in der Nähe.','http://p3reise.schwarzes-seelenreich.de:8080/assets/img/BESTWESTERNHotelLinkoping.png','Übernachtung','Basics','Neutral','58.411468, 15.621940'),(182,45,1,'Södra Törnskogens Naturreservat','Båtsmansvägen, 192 48 Sollentuna','Sollentuna','Stockholms län','Wandern','Hier findet man Wanderwege in schönster Natur zum Spazieren und Walken.','http://p3reise.schwarzes-seelenreich.de:8080/assets/img/SodraTornskogensnaturreservat.png','Radfahren','Sport','Aktiv','59.458504, 17.949559'),(183,32,19,'BEST WESTERN Hotel Linköping','Hantverkaregatan 1, 582 23 Linköping','Linköping','Östergötlands län','Übernachtung','Dieses zentral gelegene Hotel befindet sich neben dem mittelalterlichen Hauptplatz von Linköping. Das hauseigene Restaurant und die Bar servieren spanische Küche und Cocktails. Mehrere Restaurants und Pubs von Linköping befinden sich ebenfalls in der Nähe.','http://p3reise.schwarzes-seelenreich.de:8080/assets/img/BESTWESTERNHotelLinkoping.png','International','Kulinarisch','Ruhig','58.411468, 15.621940'),(184,45,2,'Södra Törnskogens Naturreservat','Båtsmansvägen, 192 48 Sollentuna','Sollentuna','Stockholms län','Wandern','Hier findet man Wanderwege in schönster Natur zum Spazieren und Walken.','http://p3reise.schwarzes-seelenreich.de:8080/assets/img/SodraTornskogensnaturreservat.png','Spazierengehen','Sport','Neutral','59.458504, 17.949559'),(187,33,38,'Scandic Hotel Norrköping City','Slottsgatan 99, 602 22 Norrköping','Norrköping','Östergötlands län','Übernachtung','Im hauseigenen Restaurant mit Bar genießen Sie schwedische Spezialitäten und internationale Gerichte. Ein Computer mit kostenfreiem Internetzugang sowie ein kleiner Laden, in dem Sie Getränke, Snacks und Pflegeprodukte erwerben können, sorgen in der Lobby für einen angenehmen Aufenthalt. Fahrräder leihen Sie in der Unterkunft kostenfrei aus.','http://p3reise.schwarzes-seelenreich.de:8080/assets/img/ScandicHotelNorrkopingCity.png','Übernachtung','Basics','Neutral','58.595129, 16.185986'),(188,45,13,'Södra Törnskogens Naturreservat','Båtsmansvägen, 192 48 Sollentuna','Sollentuna','Stockholms län','Wandern','Hier findet man Wanderwege in schönster Natur zum Spazieren und Walken.','http://p3reise.schwarzes-seelenreich.de:8080/assets/img/SodraTornskogensnaturreservat.png','Walking','Sport','Aktiv','59.458504, 17.949559'),(189,33,19,'Scandic Hotel Norrköping City','Slottsgatan 99, 602 22 Norrköping','Norrköping','Östergötlands län','Übernachtung','Im hauseigenen Restaurant mit Bar genießen Sie schwedische Spezialitäten und internationale Gerichte. Ein Computer mit kostenfreiem Internetzugang sowie ein kleiner Laden, in dem Sie Getränke, Snacks und Pflegeprodukte erwerben können, sorgen in der Lobby für einen angenehmen Aufenthalt. Fahrräder leihen Sie in der Unterkunft kostenfrei aus.','http://p3reise.schwarzes-seelenreich.de:8080/assets/img/ScandicHotelNorrkopingCity.png','International','Kulinarisch','Ruhig','58.595129, 16.185986'),(190,45,24,'Södra Törnskogens Naturreservat','Båtsmansvägen, 192 48 Sollentuna','Sollentuna','Stockholms län','Wandern','Hier findet man Wanderwege in schönster Natur zum Spazieren und Walken.','http://p3reise.schwarzes-seelenreich.de:8080/assets/img/SodraTornskogensnaturreservat.png','Wald','Natur','Neutral','59.458504, 17.949559'),(191,33,18,'Scandic Hotel Norrköping City','Slottsgatan 99, 602 22 Norrköping','Norrköping','Östergötlands län','Übernachtung','Im hauseigenen Restaurant mit Bar genießen Sie schwedische Spezialitäten und internationale Gerichte. Ein Computer mit kostenfreiem Internetzugang sowie ein kleiner Laden, in dem Sie Getränke, Snacks und Pflegeprodukte erwerben können, sorgen in der Lobby für einen angenehmen Aufenthalt. Fahrräder leihen Sie in der Unterkunft kostenfrei aus.','http://p3reise.schwarzes-seelenreich.de:8080/assets/img/ScandicHotelNorrkopingCity.png','Einheimisch','Kulinarisch','Ruhig','58.595129, 16.185986'),(192,45,27,'Södra Törnskogens Naturreservat','Båtsmansvägen, 192 48 Sollentuna','Sollentuna','Stockholms län','Wandern','Hier findet man Wanderwege in schönster Natur zum Spazieren und Walken.','http://p3reise.schwarzes-seelenreich.de:8080/assets/img/SodraTornskogensnaturreservat.png','Pflanzen','Natur','Neutral','59.458504, 17.949559'),(193,45,37,'Södra Törnskogens Naturreservat','Båtsmansvägen, 192 48 Sollentuna','Sollentuna','Stockholms län','Wandern','Hier findet man Wanderwege in schönster Natur zum Spazieren und Walken.','http://p3reise.schwarzes-seelenreich.de:8080/assets/img/SodraTornskogensnaturreservat.png','Entspannend','Vibe','Ruhig','59.458504, 17.949559'),(194,34,38,'Hotel Paradis Södertälje Centrum ','Paradisgränd 2, 151 36  Södertälje','Södertalje','Stockholms län','Übernachtung','Hier ist ein Apartment Komplex im Zentrum von Södertalje, der die Möglichkeit bietet verschiedene Apartments für eine bestimmte Zeit zu mieten.','http://p3reise.schwarzes-seelenreich.de:8080/assets/img/HotellParadisSodertaljeCentrum.png','Übernachtung','Basics','Neutral','59.200000, 17.626674'),(195,35,38,'Elite Eden Park Hotel','Sturegatan 22, 114 36 Stockholm','Stockholm','Stockholms län','Übernachtung','Das asiatisch inspirierte Restaurant im Elite Park wird von Melker Andersson geführt, einem der renommiertesten Köche Schwedens. Das Pub \"Bishops Arms\" bietet Ihnen sättigende Kneipengerichte und eine große Auswahl an Bieren und Whiskys.','http://p3reise.schwarzes-seelenreich.de:8080/assets/img/EliteEdenParkHotel.png','Übernachtung','Basics','Neutral','59.338678, 18.075029'),(196,35,14,'Elite Eden Park Hotel','Sturegatan 22, 114 36 Stockholm','Stockholm','Stockholms län','Übernachtung','Das asiatisch inspirierte Restaurant im Elite Park wird von Melker Andersson geführt, einem der renommiertesten Köche Schwedens. Das Pub \"Bishops Arms\" bietet Ihnen sättigende Kneipengerichte und eine große Auswahl an Bieren und Whiskys.','http://p3reise.schwarzes-seelenreich.de:8080/assets/img/EliteEdenParkHotel.png','Chinesisch','Kulinarisch','Ruhig','59.338678, 18.075029'),(197,36,38,'Quality Airport Hotel','Cederströms Slinga 2, 195 95 Arlandastad','Sigtuna','Stockholms län','Übernachtung','Die Quality Airport Hotels begrüßen Sie in Kochi und bietet Ihnen einen Außenpool und ein Fitnesscenter. Die Quality Airport Hotels bietet Ihnen auch eine 24-Stunden-Rezeption und eine Bibliothek.','http://p3reise.schwarzes-seelenreich.de:8080/assets/img/QualityAirportHotel.png','Übernachtung','Basics','Neutral','59.607901, 17.898520'),(198,36,22,'Quality Airport Hotel','Cederströms Slinga 2, 195 95 Arlandastad','Sigtuna','Stockholms län','Übernachtung','Die Quality Airport Hotels begrüßen Sie in Kochi und bietet Ihnen einen Außenpool und ein Fitnesscenter. Die Quality Airport Hotels bietet Ihnen auch eine 24-Stunden-Rezeption und eine Bibliothek.','http://p3reise.schwarzes-seelenreich.de:8080/assets/img/QualityAirportHotel.png','Modern','Vibe','Neutral','59.607901, 17.898520'),(199,37,38,'Hotel Uppsala (Uppsala Centrum) ','Kungsgatan 27, 753 21 Uppsala','Uppsala','Uppsala län','Übernachtung','Hotel mitten in Zentrum von Uppsala. Bieten einen guten Service der das Hotel besonders heimisch macht, die zentrale Lage ist perfekt um die Stadt zu erkunden.','http://p3reise.schwarzes-seelenreich.de:8080/assets/img/HotelUppsalaUppsalaCentrum.png','Übernachtung','Basics','Neutral','59.861811, 17.638008'),(200,44,1,'Stallmästaregården','113 47 Stockholm','Stockholm','Stockholms län','Wandern','Diese Umgebung bietet idyllische Wanderwege in malerischer Natur. ','http://p3reise.schwarzes-seelenreich.de:8080/assets/img/Stallmastaregarden.png','Radfahren','Sport','Aktiv','59.374238, 18.062425'),(201,44,2,'Stallmästaregården','113 47 Stockholm','Stockholm','Stockholms län','Wandern','Diese Umgebung bietet idyllische Wanderwege in malerischer Natur. ','http://p3reise.schwarzes-seelenreich.de:8080/assets/img/Stallmastaregarden.png','Spazierengehen','Sport','Neutral','59.374238, 18.062425'),(204,44,13,'Stallmästaregården','113 47 Stockholm','Stockholm','Stockholms län','Wandern','Diese Umgebung bietet idyllische Wanderwege in malerischer Natur. ','http://p3reise.schwarzes-seelenreich.de:8080/assets/img/Stallmastaregarden.png','Walking','Sport','Aktiv','59.374238, 18.062425'),(205,44,24,'Stallmästaregården','113 47 Stockholm','Stockholm','Stockholms län','Wandern','Diese Umgebung bietet idyllische Wanderwege in malerischer Natur. ','http://p3reise.schwarzes-seelenreich.de:8080/assets/img/Stallmastaregarden.png','Wald','Natur','Neutral','59.374238, 18.062425'),(206,44,27,'Stallmästaregården','113 47 Stockholm','Stockholm','Stockholms län','Wandern','Diese Umgebung bietet idyllische Wanderwege in malerischer Natur. ','http://p3reise.schwarzes-seelenreich.de:8080/assets/img/Stallmastaregarden.png','Pflanzen','Natur','Neutral','59.374238, 18.062425'),(207,44,37,'Stallmästaregården','113 47 Stockholm','Stockholm','Stockholms län','Wandern','Diese Umgebung bietet idyllische Wanderwege in malerischer Natur. ','http://p3reise.schwarzes-seelenreich.de:8080/assets/img/Stallmastaregarden.png','Entspannend','Vibe','Ruhig','59.374238, 18.062425'),(208,43,38,'Clarion Hotel Sense','Skeppsbrogatan 34, 972 32 Luleå','Luleå','Norrbottens län','Übernachtung','Jedes Zimmer ist mit einzigartiger Fotokunst und Designermöbeln ausgestattet. Das hoteleigene À-la-carte-Restaurant Kitchen & Table hat von Montag bis Samstag zum Abendessen geöffnet.','http://p3reise.schwarzes-seelenreich.de:8080/assets/img/ClarionHotelSense.png','Übernachtung','Basics','Neutral','65.584845, 22.152537'),(209,43,22,'Clarion Hotel Sense','Skeppsbrogatan 34, 972 32 Luleå','Luleå','Norrbottens län','Übernachtung','Jedes Zimmer ist mit einzigartiger Fotokunst und Designermöbeln ausgestattet. Das hoteleigene À-la-carte-Restaurant Kitchen & Table hat von Montag bis Samstag zum Abendessen geöffnet.','http://p3reise.schwarzes-seelenreich.de:8080/assets/img/ClarionHotelSense.png','Modern','Vibe','Neutral','65.584845, 22.152537'),(210,42,38,'BEST WESTERN Hotel Botnia Teg ','Norra Obbolavägen 125, 904 22 Umeå','Umeå','Västernorrlands län','Übernachtung','Mit Blick auf den Fluss Ume empfängt Sie dieses umweltfreundliche Hotel. Im Botnia wird jeden Abend ein Buffet serviert. Auf der Speisekarte finden Sie zudem Rentier, Elch und andere regionale Spezialitäten.','http://p3reise.schwarzes-seelenreich.de:8080/assets/img/BESTWESTERNHotelBotniaTeg.png','Übernachtung','Basics','Neutral','63.802540, 20.280128'),(211,41,38,'Panget Hotel & Restaurant','Sörbyvägen 27, 891 61 Örnsköldsvik','Örnsköldsvik','Västernorrlands län','Übernachtung','Das Pagnet Hotel ist ein schlichtes kleine Unterkunft in der man sich schnell heimisch vorkommt und auch nahe an das Lebensgefühl der Einheimischen heran kommt.','http://p3reise.schwarzes-seelenreich.de:8080/assets/img/PangetHotellRestaurang.png','Übernachtung','Basics','Neutral','63.286761, 18.744261'),(212,40,38,'Hotel Temperance i Hudiksvall','Håstagatan 16, 824 43 Hudiksvall','Hudiksvall','Gävleborgs län','Übernachtung','Ausgestattet mit kostenlosem WiFi im gesamten Gebäude bietet das Hotel Temperance Unterkunft in Hudiksvall, 300 Meter vom Museum der Hälsingland.','http://p3reise.schwarzes-seelenreich.de:8080/assets/img/HotellTemperanceiHudiksvallAB.png','Übernachtung','Basics','Neutral','61.725372, 17.105765'),(213,40,21,'Hotel Temperance i Hudiksvall','Håstagatan 16, 824 43 Hudiksvall','Hudiksvall','Gävleborgs län','Übernachtung','Ausgestattet mit kostenlosem WiFi im gesamten Gebäude bietet das Hotel Temperance Unterkunft in Hudiksvall, 300 Meter vom Museum der Hälsingland.','http://p3reise.schwarzes-seelenreich.de:8080/assets/img/HotellTemperanceiHudiksvallAB.png','Traditionell','Vibe','Neutral','61.725372, 17.105765'),(214,39,38,'BEST WESTERN Hotel City Gävle','Nygatan 8, 803 20 Gävle','Gävle','Gävleborgs län','Übernachtung','Alle Zimmer im Hotel City Gävle verfügen über Parkettböden, einen Schreibtisch und ein eigenes Bad mit Dusche. Im HC Bar & Restaurant genießen Sie Mittag- und Abendessen sowie traditionelle schwedische Gerichte à la carte. Das Frühstücksbuffet mit lokalen Bio-Optionen wird Ihnen ebenfalls in diesem geräumigen Restaurant serviert.','http://p3reise.schwarzes-seelenreich.de:8080/assets/img/BESTWESTERNHotelCityGavle.png','Übernachtung','Basics','Neutral','60.673935, 17.137875'),(215,39,18,'BEST WESTERN Hotel City Gävle','Nygatan 8, 803 20 Gävle','Gävle','Gävleborgs län','Übernachtung','Alle Zimmer im Hotel City Gävle verfügen über Parkettböden, einen Schreibtisch und ein eigenes Bad mit Dusche. Im HC Bar & Restaurant genießen Sie Mittag- und Abendessen sowie traditionelle schwedische Gerichte à la carte. Das Frühstücksbuffet mit lokalen Bio-Optionen wird Ihnen ebenfalls in diesem geräumigen Restaurant serviert.','http://p3reise.schwarzes-seelenreich.de:8080/assets/img/BESTWESTERNHotelCityGavle.png','Einheimisch','Kulinarisch','Ruhig','60.673935, 17.137875'),(216,38,38,'Schwedisches Chinatown in Älvkarleby','Sveavägen 25, 815 40 Tierp','Tierp','Uppsala län','Übernachtung','Das ist ein Hotel im chinesischen Stil, das Kunstwerke und Skulpturen aus China zum Betrachten ausstellt.','http://p3reise.schwarzes-seelenreich.de:8080/assets/img/SwedishChinatowninAlvkarlebyAB.png','Übernachtung','Basics','Neutral','60.347370, 17.512110'),(217,38,14,'Schwedisches Chinatown in Älvkarleby','Sveavägen 25, 815 40 Tierp','Tierp','Uppsala län','Übernachtung','Das ist ein Hotel im chinesischen Stil, das Kunstwerke und Skulpturen aus China zum Betrachten ausstellt.','http://p3reise.schwarzes-seelenreich.de:8080/assets/img/SwedishChinatowninAlvkarlebyAB.png','Chinesisch','Kulinarisch','Ruhig','60.347370, 17.512110');
/*!40000 ALTER TABLE `orte_vorlieben` ENABLE KEYS */;
UNLOCK TABLES;

--
-- Table structure for table `personen`
--

DROP TABLE IF EXISTS `personen`;
/*!40101 SET @saved_cs_client     = @@character_set_client */;
/*!40101 SET character_set_client = utf8 */;
CREATE TABLE `personen` (
  `id_personen` int(11) NOT NULL AUTO_INCREMENT,
  `name_personen` varchar(45) DEFAULT NULL,
  `id_reisegruppe` int(11) DEFAULT NULL,
  PRIMARY KEY (`id_personen`),
  UNIQUE KEY `id_personen_UNIQUE` (`id_personen`)
) ENGINE=InnoDB AUTO_INCREMENT=23 DEFAULT CHARSET=latin1;
/*!40101 SET character_set_client = @saved_cs_client */;

--
-- Dumping data for table `personen`
--

LOCK TABLES `personen` WRITE;
/*!40000 ALTER TABLE `personen` DISABLE KEYS */;
INSERT INTO `personen` VALUES (1,'Helga Wagner',1),(2,'Heinrich Walross',1),(3,'Ingrid Meyer',1),(4,'Egon Karbe',1),(5,'Margret Hiller',1),(6,'Reinholdt Grimm',1),(7,'Friedrich Hoffmann',1),(8,'Gisela Köhler',1),(9,'Herbert Weber',1),(10,'Renate Müller',1),(11,'Anita Nied',2),(12,'Karlheinz Uhl',2),(13,'Ursel Grupp',2),(14,'Ruth Neumann',2),(15,'Margarethe Weidauer',2),(16,'Irmgard Schmidt',2),(17,'Werner Scholz',2),(18,'Maria Neubauer',2),(19,'Albert Hartmann',2),(20,'Leonie Lange',2),(21,'Reisegruppe 1',1),(22,'Reisegruppe 2',2);
/*!40000 ALTER TABLE `personen` ENABLE KEYS */;
UNLOCK TABLES;

--
-- Table structure for table `personen_vorlieben`
--

DROP TABLE IF EXISTS `personen_vorlieben`;
/*!40101 SET @saved_cs_client     = @@character_set_client */;
/*!40101 SET character_set_client = utf8 */;
CREATE TABLE `personen_vorlieben` (
  `id_personen_vorlieben` int(11) NOT NULL AUTO_INCREMENT,
  `id_personen` int(11) DEFAULT NULL,
  `id_vorlieben` int(11) DEFAULT NULL,
  `id_reisegruppe` int(11) DEFAULT NULL,
  `name_personen` varchar(45) DEFAULT NULL,
  `name_vorlieben` varchar(45) DEFAULT NULL,
  `kategorie_vorlieben` varchar(45) DEFAULT NULL,
  `typ_vorlieben` varchar(45) DEFAULT NULL,
  PRIMARY KEY (`id_personen_vorlieben`),
  UNIQUE KEY `id_personen_vorlieben_UNIQUE` (`id_personen_vorlieben`)
) ENGINE=InnoDB AUTO_INCREMENT=278 DEFAULT CHARSET=latin1;
/*!40101 SET character_set_client = @saved_cs_client */;

--
-- Dumping data for table `personen_vorlieben`
--

LOCK TABLES `personen_vorlieben` WRITE;
/*!40000 ALTER TABLE `personen_vorlieben` DISABLE KEYS */;
INSERT INTO `personen_vorlieben` VALUES (1,10,1,1,'Renate Müller','Radfahren','Sport','Aktiv'),(2,1,1,1,'Helga Wagner','Radfahren','Sport','Aktiv'),(5,1,5,1,'Helga Wagner','Klettern','Sport','Aktiv'),(7,10,5,1,'Renate Müller','Klettern','Sport','Aktiv'),(10,1,18,1,'Helga Wagner','Einheimisch','Kulinarisch','Ruhig'),(12,1,22,1,'Helga Wagner','Modern','Vibe','Neutral'),(14,1,30,1,'Helga Wagner','Club','Nightlife','Aktiv'),(16,1,31,1,'Helga Wagner','Kino','Kultur','Ruhig'),(17,1,35,1,'Helga Wagner','Tauchen','Sport','Aktiv'),(18,1,11,1,'Helga Wagner','Golf','Sport','Aktiv'),(19,1,13,1,'Helga Wagner','Walking','Sport','Aktiv'),(20,10,13,1,'Renate Müller','Walking','Sport','Aktiv'),(21,10,15,1,'Renate Müller','Italienisch','Kulinarisch','Ruhig'),(22,10,18,1,'Renate Müller','Einheimisch','Kulinarisch','Ruhig'),(23,1,33,1,'Helga Wagner','Sitten','Kultur','Ruhig'),(24,10,22,1,'Renate Müller','Modern','Vibe','Neutral'),(25,10,30,1,'Renate Müller','Club','Nightlife','Aktiv'),(26,10,34,1,'Renate Müller','Fallschirmspringen','Sport','Aktiv'),(27,10,35,1,'Renate Müller','Tauchen','Sport','Aktiv'),(28,9,1,1,'Herbert Weber','Radfahren','Sport','Aktiv'),(30,9,5,1,'Herbert Weber','Klettern','Sport','Aktiv'),(31,1,34,1,'Helga Wagner','Fallschirmspringen','Sport','Aktiv'),(34,2,1,1,'Heinrich Walross','Radfahren','Sport','Aktiv'),(37,2,5,1,'Heinrich Walross','Klettern','Sport','Aktiv'),(41,2,18,1,'Heinrich Walross','Einheimisch','Kulinarisch','Ruhig'),(42,9,2,1,'Herbert Weber','Spazierengehen','Sport','Neutral'),(43,2,22,1,'Heinrich Walross','Modern','Vibe','Neutral'),(44,9,18,1,'Herbert Weber','Einheimisch','Kulinarisch','Ruhig'),(45,2,30,1,'Heinrich Walross','Club','Nightlife','Aktiv'),(46,9,22,1,'Herbert Weber','Modern','Vibe','Neutral'),(48,2,34,1,'Heinrich Walross','Fallschirmspringen','Sport','Aktiv'),(49,9,28,1,'Herbert Weber','Berge','Natur','Neutral'),(50,2,35,1,'Heinrich Walross','Tauchen','Sport','Aktiv'),(51,9,30,1,'Herbert Weber','Club','Nightlife','Aktiv'),(52,9,31,1,'Herbert Weber','Kino','Kultur','Ruhig'),(53,2,4,1,'Heinrich Walross','Schwimmen','Sport','Neutral'),(54,9,34,1,'Herbert Weber','Fallschirmspringen','Sport','Aktiv'),(55,2,10,1,'Heinrich Walross','Reiten','Sport','Aktiv'),(56,2,24,1,'Heinrich Walross','Wald','Natur','Neutral'),(57,9,35,1,'Herbert Weber','Tauchen','Sport','Aktiv'),(58,3,1,1,'Ingrid Meyer','Radfahren','Sport','Aktiv'),(60,3,5,1,'Ingrid Meyer','Klettern','Sport','Aktiv'),(64,3,18,1,'Ingrid Meyer','Einheimisch','Kulinarisch','Ruhig'),(65,8,1,1,'Gisela Köhler','Radfahren','Sport','Aktiv'),(66,3,22,1,'Ingrid Meyer','Modern','Vibe','Neutral'),(67,3,30,1,'Ingrid Meyer','Club','Nightlife','Aktiv'),(69,8,5,1,'Gisela Köhler','Klettern','Sport','Aktiv'),(70,3,34,1,'Ingrid Meyer','Fallschirmspringen','Sport','Aktiv'),(72,3,35,1,'Ingrid Meyer','Tauchen','Sport','Aktiv'),(73,3,2,1,'Ingrid Meyer','Spazierengehen','Sport','Neutral'),(74,3,20,1,'Ingrid Meyer','Theater','Kultur','Ruhig'),(76,3,25,1,'Ingrid Meyer','Meer','Natur','Neutral'),(78,4,1,1,'Egon Karbe','Radfahren','Sport','Aktiv'),(81,8,12,1,'Gisela Köhler','Skifahren','Sport','Aktiv'),(82,4,5,1,'Egon Karbe','Klettern','Sport','Aktiv'),(83,8,17,1,'Gisela Köhler','Indisch','Kulinarisch','Ruhig'),(86,8,18,1,'Gisela Köhler','Einheimisch','Kulinarisch','Ruhig'),(88,4,18,1,'Egon Karbe','Einheimisch','Kulinarisch','Ruhig'),(89,8,22,1,'Gisela Köhler','Modern','Vibe','Neutral'),(90,4,22,1,'Egon Karbe','Modern','Vibe','Neutral'),(91,4,30,1,'Egon Karbe','Club','Nightlife','Aktiv'),(92,8,30,1,'Gisela Köhler','Club','Nightlife','Aktiv'),(93,4,34,1,'Egon Karbe','Fallschirmspringen','Sport','Aktiv'),(94,4,35,1,'Egon Karbe','Tauchen','Sport','Aktiv'),(95,8,33,1,'Gisela Köhler','Sitten','Kultur','Ruhig'),(96,4,4,1,'Egon Karbe','Schwimmen','Sport','Neutral'),(97,8,34,1,'Gisela Köhler','Fallschirmspringen','Sport','Aktiv'),(98,8,35,1,'Gisela Köhler','Tauchen','Sport','Aktiv'),(99,4,9,1,'Egon Karbe','Geschichte','Kultur','Ruhig'),(100,4,12,1,'Egon Karbe','Skifahren','Sport','Aktiv'),(101,7,1,1,'Friedrich Hoffmann','Radfahren','Sport','Aktiv'),(102,5,1,1,'Margret Hiller','Radfahren','Sport','Aktiv'),(104,5,5,1,'Margret Hiller','Klettern','Sport','Aktiv'),(108,7,5,1,'Friedrich Hoffmann','Klettern','Sport','Aktiv'),(110,5,18,1,'Margret Hiller','Einheimisch','Kulinarisch','Ruhig'),(112,5,22,1,'Margret Hiller','Modern','Vibe','Neutral'),(114,5,30,1,'Margret Hiller','Club','Nightlife','Aktiv'),(116,5,34,1,'Margret Hiller','Fallschirmspringen','Sport','Aktiv'),(117,7,10,1,'Friedrich Hoffmann','Reiten','Sport','Aktiv'),(118,5,35,1,'Margret Hiller','Tauchen','Sport','Aktiv'),(119,5,2,1,'Margret Hiller','Spazierengehen','Sport','Neutral'),(120,5,10,1,'Margret Hiller','Reiten','Sport','Aktiv'),(121,5,11,1,'Margret Hiller','Golf','Sport','Aktiv'),(122,7,14,1,'Friedrich Hoffmann','Chinesisch','Kulinarisch','Ruhig'),(123,7,18,1,'Friedrich Hoffmann','Einheimisch','Kulinarisch','Ruhig'),(124,7,22,1,'Friedrich Hoffmann','Modern','Vibe','Neutral'),(125,7,23,1,'Friedrich Hoffmann','Show','Kultur','Ruhig'),(126,7,30,1,'Friedrich Hoffmann','Club','Nightlife','Aktiv'),(127,7,34,1,'Friedrich Hoffmann','Fallschirmspringen','Sport','Aktiv'),(128,7,35,1,'Friedrich Hoffmann','Tauchen','Sport','Aktiv'),(129,6,1,1,'Reinholdt Grimm','Radfahren','Sport','Aktiv'),(131,6,5,1,'Reinholdt Grimm','Klettern','Sport','Aktiv'),(135,6,4,1,'Reinholdt Grimm','Schwimmen','Sport','Neutral'),(136,6,13,1,'Reinholdt Grimm','Walking','Sport','Aktiv'),(137,6,18,1,'Reinholdt Grimm','Einheimisch','Kulinarisch','Ruhig'),(138,6,20,1,'Reinholdt Grimm','Theater','Kultur','Ruhig'),(139,6,22,1,'Reinholdt Grimm','Modern','Vibe','Neutral'),(140,6,30,1,'Reinholdt Grimm','Club','Nightlife','Aktiv'),(141,6,34,1,'Reinholdt Grimm','Fallschirmspringen','Sport','Aktiv'),(142,6,35,1,'Reinholdt Grimm','Tauchen','Sport','Aktiv'),(143,20,4,2,'Leonie Lange','Schwimmen','Sport','Neutral'),(144,11,4,2,'Anita Nied','Schwimmen','Sport','Neutral'),(145,11,15,2,'Anita Nied','Italienisch','Kulinarisch','Ruhig'),(146,11,20,2,'Anita Nied','Theater','Kultur','Ruhig'),(147,11,21,2,'Anita Nied','Traditionell','Vibe','Neutral'),(148,11,24,2,'Anita Nied','Wald','Natur','Neutral'),(149,11,25,2,'Anita Nied','Meer','Natur','Neutral'),(150,20,15,2,'Leonie Lange','Italienisch','Kulinarisch','Ruhig'),(151,20,19,2,'Leonie Lange','International','Kulinarisch','Ruhig'),(152,11,26,2,'Anita Nied','Tiere','Natur','Neutral'),(153,11,29,2,'Anita Nied','Bar','Nightlife','Ruhig'),(154,11,33,2,'Anita Nied','Sitten','Kultur','Ruhig'),(155,11,2,2,'Anita Nied','Spazierengehen','Sport','Neutral'),(156,11,23,2,'Anita Nied','Show','Kultur','Ruhig'),(157,11,31,2,'Anita Nied','Kino','Kultur','Ruhig'),(158,12,4,2,'Karlheinz Uhl','Schwimmen','Sport','Neutral'),(159,20,20,2,'Leonie Lange','Theater','Kultur','Ruhig'),(160,12,15,2,'Karlheinz Uhl','Italienisch','Kulinarisch','Ruhig'),(161,20,21,2,'Leonie Lange','Traditionell','Vibe','Neutral'),(162,12,20,2,'Karlheinz Uhl','Theater','Kultur','Ruhig'),(163,12,21,2,'Karlheinz Uhl','Traditionell','Vibe','Neutral'),(164,12,24,2,'Karlheinz Uhl','Wald','Natur','Neutral'),(165,12,25,2,'Karlheinz Uhl','Meer','Natur','Neutral'),(166,20,24,2,'Leonie Lange','Wald','Natur','Neutral'),(167,12,26,2,'Karlheinz Uhl','Tiere','Natur','Neutral'),(168,20,25,2,'Leonie Lange','Meer','Natur','Neutral'),(169,12,29,2,'Karlheinz Uhl','Bar','Nightlife','Ruhig'),(170,12,33,2,'Karlheinz Uhl','Sitten','Kultur','Ruhig'),(171,12,9,2,'Karlheinz Uhl','Geschichte','Kultur','Ruhig'),(172,20,26,2,'Leonie Lange','Tiere','Natur','Neutral'),(173,20,27,2,'Leonie Lange','Pflanzen','Natur','Neutral'),(174,12,14,2,'Karlheinz Uhl','Chinesisch','Kulinarisch','Ruhig'),(175,12,32,2,'Karlheinz Uhl','Sehenswürdigkeit','Kultur','Ruhig'),(176,20,29,2,'Leonie Lange','Bar','Nightlife','Ruhig'),(177,13,4,2,'Ursel Grupp','Schwimmen','Sport','Neutral'),(178,20,32,2,'Leonie Lange','Sehenswürdigkeit','Kultur','Ruhig'),(179,13,15,2,'Ursel Grupp','Italienisch','Kulinarisch','Ruhig'),(180,20,33,2,'Leonie Lange','Sitten','Kultur','Ruhig'),(181,13,20,2,'Ursel Grupp','Theater','Kultur','Ruhig'),(182,13,21,2,'Ursel Grupp','Traditionell','Vibe','Neutral'),(183,13,24,2,'Ursel Grupp','Wald','Natur','Neutral'),(184,13,25,2,'Ursel Grupp','Meer','Natur','Neutral'),(185,13,26,2,'Ursel Grupp','Tiere','Natur','Neutral'),(187,13,29,2,'Ursel Grupp','Bar','Nightlife','Ruhig'),(188,13,33,2,'Ursel Grupp','Sitten','Kultur','Ruhig'),(189,13,27,2,'Ursel Grupp','Pflanzen','Natur','Neutral'),(190,19,9,2,'Albert Hartmann','Geschichte','Kultur','Ruhig'),(191,13,28,2,'Ursel Grupp','Berge','Natur','Neutral'),(192,13,31,2,'Ursel Grupp','Kino','Kultur','Ruhig'),(193,19,15,2,'Albert Hartmann','Italienisch','Kulinarisch','Ruhig'),(194,19,20,2,'Albert Hartmann','Theater','Kultur','Ruhig'),(195,19,21,2,'Albert Hartmann','Traditionell','Vibe','Neutral'),(196,19,23,2,'Albert Hartmann','Show','Kultur','Ruhig'),(197,14,4,2,'Ruth Neumann','Schwimmen','Sport','Neutral'),(198,19,24,2,'Albert Hartmann','Wald','Natur','Neutral'),(199,14,15,2,'Ruth Neumann','Italienisch','Kulinarisch','Ruhig'),(200,19,25,2,'Albert Hartmann','Meer','Natur','Neutral'),(201,14,20,2,'Ruth Neumann','Theater','Kultur','Ruhig'),(202,14,21,2,'Ruth Neumann','Traditionell','Vibe','Neutral'),(203,19,26,2,'Albert Hartmann','Tiere','Natur','Neutral'),(204,14,24,2,'Ruth Neumann','Wald','Natur','Neutral'),(205,14,25,2,'Ruth Neumann','Meer','Natur','Neutral'),(206,14,26,2,'Ruth Neumann','Tiere','Natur','Neutral'),(207,19,29,2,'Albert Hartmann','Bar','Nightlife','Ruhig'),(208,14,29,2,'Ruth Neumann','Bar','Nightlife','Ruhig'),(209,14,33,2,'Ruth Neumann','Sitten','Kultur','Ruhig'),(210,14,1,2,'Ruth Neumann','Radfahren','Sport','Aktiv'),(211,19,31,2,'Albert Hartmann','Kino','Kultur','Ruhig'),(212,14,10,2,'Ruth Neumann','Reiten','Sport','Aktiv'),(213,19,33,2,'Albert Hartmann','Sitten','Kultur','Ruhig'),(214,14,9,2,'Ruth Neumann','Geschichte','Kultur','Ruhig'),(215,15,4,2,'Margarethe Weidauer','Schwimmen','Sport','Neutral'),(216,15,15,2,'Margarethe Weidauer','Italienisch','Kulinarisch','Ruhig'),(217,15,20,2,'Margarethe Weidauer','Theater','Kultur','Ruhig'),(218,15,21,2,'Margarethe Weidauer','Traditionell','Vibe','Neutral'),(219,15,24,2,'Margarethe Weidauer','Wald','Natur','Neutral'),(220,15,25,2,'Margarethe Weidauer','Meer','Natur','Neutral'),(221,18,4,2,'Maria Neubauer','Schwimmen','Sport','Neutral'),(222,15,26,2,'Margarethe Weidauer','Tiere','Natur','Neutral'),(223,18,2,2,'Maria Neubauer','Spazierengehen','Sport','Neutral'),(224,15,29,2,'Margarethe Weidauer','Bar','Nightlife','Ruhig'),(225,15,33,2,'Margarethe Weidauer','Sitten','Kultur','Ruhig'),(226,18,15,2,'Maria Neubauer','Italienisch','Kulinarisch','Ruhig'),(227,15,17,2,'Margarethe Weidauer','Indisch','Kulinarisch','Ruhig'),(228,18,17,2,'Maria Neubauer','Indisch','Kulinarisch','Ruhig'),(229,15,23,2,'Margarethe Weidauer','Show','Kultur','Ruhig'),(230,18,20,2,'Maria Neubauer','Theater','Kultur','Ruhig'),(231,18,21,2,'Maria Neubauer','Traditionell','Vibe','Neutral'),(232,15,28,2,'Margarethe Weidauer','Berge','Natur','Neutral'),(233,18,24,2,'Maria Neubauer','Wald','Natur','Neutral'),(234,18,25,2,'Maria Neubauer','Meer','Natur','Neutral'),(235,16,4,2,'Irmgard Schmidt','Schwimmen','Sport','Neutral'),(236,18,26,2,'Maria Neubauer','Tiere','Natur','Neutral'),(237,16,15,2,'Irmgard Schmidt','Italienisch','Kulinarisch','Ruhig'),(238,16,20,2,'Irmgard Schmidt','Theater','Kultur','Ruhig'),(239,16,21,2,'Irmgard Schmidt','Traditionell','Vibe','Neutral'),(240,16,24,2,'Irmgard Schmidt','Wald','Natur','Neutral'),(241,18,29,2,'Maria Neubauer','Bar','Nightlife','Ruhig'),(242,16,25,2,'Irmgard Schmidt','Meer','Natur','Neutral'),(243,16,26,2,'Irmgard Schmidt','Tiere','Natur','Neutral'),(244,18,32,2,'Maria Neubauer','Sehenswürdigkeit','Kultur','Ruhig'),(245,16,29,2,'Irmgard Schmidt','Bar','Nightlife','Ruhig'),(246,18,33,2,'Maria Neubauer','Sitten','Kultur','Ruhig'),(247,16,33,2,'Irmgard Schmidt','Sitten','Kultur','Ruhig'),(248,16,27,2,'Irmgard Schmidt','Pflanzen','Natur','Neutral'),(249,17,4,2,'Werner Scholz','Schwimmen','Sport','Neutral'),(250,16,31,2,'Irmgard Schmidt','Kino','Kultur','Ruhig'),(251,17,15,2,'Werner Scholz','Italienisch','Kulinarisch','Ruhig'),(252,16,32,2,'Irmgard Schmidt','Sehenswürdigkeit','Kultur','Ruhig'),(253,17,16,2,'Werner Scholz','Griechisch','Kulinarisch','Ruhig'),(254,17,20,2,'Werner Scholz','Theater','Kultur','Ruhig'),(255,17,21,2,'Werner Scholz','Traditionell','Vibe','Neutral'),(256,17,24,2,'Werner Scholz','Wald','Natur','Neutral'),(257,17,25,2,'Werner Scholz','Meer','Natur','Neutral'),(258,17,26,2,'Werner Scholz','Tiere','Natur','Neutral'),(259,17,28,2,'Werner Scholz','Berge','Natur','Neutral'),(260,17,29,2,'Werner Scholz','Bar','Nightlife','Ruhig'),(261,17,31,2,'Werner Scholz','Kino','Kultur','Ruhig'),(262,17,33,2,'Werner Scholz','Sitten','Kultur','Ruhig'),(263,21,1,1,'Reisegruppe 1','Radfahren','Sport','Aktiv'),(264,21,5,1,'Reisegruppe 1','Klettern','Sport','Aktiv'),(265,21,18,1,'Reisegruppe 1','Einheimisch','Kulinarisch','Ruhig'),(266,21,22,1,'Reisegruppe 1','Modern','Vibe','Neutral'),(267,21,30,1,'Reisegruppe 1','Club','Nightlife','Aktiv'),(268,21,35,1,'Reisegruppe 1','Tauchen','Sport','Aktiv'),(269,22,4,2,'Reisegruppe 2','Schwimmen','Sport','Neutral'),(270,22,15,2,'Reisegruppe 2','Italienisch','Kulinarisch','Ruhig'),(271,22,20,2,'Reisegruppe 2','Theater','Kultur','Ruhig'),(272,22,21,2,'Reisegruppe 2','Traditionell','Vibe','Neutral'),(273,22,24,2,'Reisegruppe 2','Wald','Natur','Neutral'),(274,22,25,2,'Reisegruppe 2','Meer','Natur','Neutral'),(275,22,26,2,'Reisegruppe 2','Tiere','Natur','Neutral'),(276,22,29,2,'Reisegruppe 2','Bar','Nightlife','Ruhig'),(277,22,33,2,'Reisegruppe 2','Sitten','Kultur','Ruhig');
/*!40000 ALTER TABLE `personen_vorlieben` ENABLE KEYS */;
UNLOCK TABLES;

--
-- Table structure for table `vorlieben`
--

DROP TABLE IF EXISTS `vorlieben`;
/*!40101 SET @saved_cs_client     = @@character_set_client */;
/*!40101 SET character_set_client = utf8 */;
CREATE TABLE `vorlieben` (
  `id_vorlieben` int(11) NOT NULL AUTO_INCREMENT,
  `name_vorlieben` varchar(45) DEFAULT NULL,
  `kategorie_vorlieben` varchar(45) DEFAULT NULL,
  `typ_vorlieben` varchar(45) DEFAULT NULL,
  PRIMARY KEY (`id_vorlieben`),
  UNIQUE KEY `id_vorlieben_UNIQUE` (`id_vorlieben`)
) ENGINE=InnoDB AUTO_INCREMENT=46 DEFAULT CHARSET=latin1;
/*!40101 SET character_set_client = @saved_cs_client */;

--
-- Dumping data for table `vorlieben`
--

LOCK TABLES `vorlieben` WRITE;
/*!40000 ALTER TABLE `vorlieben` DISABLE KEYS */;
INSERT INTO `vorlieben` VALUES (1,'Radfahren','Sport','Aktiv'),(2,'Spazierengehen','Sport','Neutral'),(4,'Schwimmen','Sport','Neutral'),(5,'Klettern','Sport','Aktiv'),(9,'Geschichte','Kultur','Ruhig'),(10,'Reiten','Sport','Aktiv'),(11,'Golf','Sport','Aktiv'),(12,'Skifahren','Sport','Aktiv'),(13,'Walking','Sport','Aktiv'),(14,'Chinesisch','Kulinarisch','Ruhig'),(15,'Italienisch','Kulinarisch','Ruhig'),(16,'Griechisch','Kulinarisch','Ruhig'),(17,'Indisch','Kulinarisch','Ruhig'),(18,'Einheimisch','Kulinarisch','Ruhig'),(19,'International','Kulinarisch','Ruhig'),(20,'Theater','Kultur','Ruhig'),(21,'Traditionell','Vibe','Neutral'),(22,'Modern','Vibe','Neutral'),(23,'Show','Kultur','Ruhig'),(24,'Wald','Natur','Neutral'),(25,'Meer','Natur','Neutral'),(26,'Tiere','Natur','Neutral'),(27,'Pflanzen','Natur','Neutral'),(28,'Berge','Natur','Neutral'),(29,'Bar','Nightlife','Ruhig'),(30,'Club','Nightlife','Aktiv'),(31,'Kino','Kultur','Ruhig'),(32,'Sehenswürdigkeit','Kultur','Ruhig'),(33,'Sitten','Kultur','Ruhig'),(34,'Fallschirmspringen','Sport','Aktiv'),(35,'Tauchen','Sport','Aktiv'),(36,'Museum','Kultur','Ruhig'),(37,'Entspannend','Vibe','Ruhig'),(38,'Übernachtung','Basics','Neutral'),(39,'Toilette','Basics','Neutral'),(40,'Fliegen','Sport','Aktiv'),(41,'Eislaufen','Sport','Aktiv'),(42,'Fallschirmspringen','Sport','Aktiv'),(43,'Schießen','Sport','Aktiv'),(44,'Segeln','Sport','Aktiv'),(45,'Wassersport','Sport','Aktiv');
/*!40000 ALTER TABLE `vorlieben` ENABLE KEYS */;
UNLOCK TABLES;

--
-- Dumping events for database 'p3reise'
--

--
-- Dumping routines for database 'p3reise'
--
/*!40103 SET TIME_ZONE=@OLD_TIME_ZONE */;

/*!40101 SET SQL_MODE=@OLD_SQL_MODE */;
/*!40014 SET FOREIGN_KEY_CHECKS=@OLD_FOREIGN_KEY_CHECKS */;
/*!40014 SET UNIQUE_CHECKS=@OLD_UNIQUE_CHECKS */;
/*!40101 SET CHARACTER_SET_CLIENT=@OLD_CHARACTER_SET_CLIENT */;
/*!40101 SET CHARACTER_SET_RESULTS=@OLD_CHARACTER_SET_RESULTS */;
/*!40101 SET COLLATION_CONNECTION=@OLD_COLLATION_CONNECTION */;
/*!40111 SET SQL_NOTES=@OLD_SQL_NOTES */;

-- Dump completed on 2016-01-21 14:12:35
